"series_id","label","panel","asof","last","prev","d1","d1w","d1m","ytd","pct1y","hi1y","lo1y","pos1y","n","mode","s1","s2","s3","s4","s5","s6","s7","s8","s9","s10","s11","s12","s13","s14","s15","s16","s17","s18","s19","s20","s21","s22","s23","s24","s25","s26","s27","s28","s29","s30","s31","s32","s33","s34","s35","s36","s37","s38","s39","s40","s41","s42","s43","s44","s45","s46","s47","s48","s49","s50","s51","s52","s53","s54","s55","s56","s57","s58","s59","s60","","","ticker","value","up","down","v1m","v1y","pct3y","cadence","status"
"DGS3MO","UST 3m","US RATES & CURVE","2026-09-10","4","3.95","5","11","11","33","90.43824701","4.09","3.62","0.8085106383","496","bp","3.79","3.83","3.83","3.85","3.85","3.85","3.84","3.83","3.87","3.87","3.85","3.82","3.87","3.86","3.87","3.83","3.85","3.89","3.84","3.83","3.84","3.85","3.86","3.87","3.89","3.95","3.96","3.96","3.9","3.83","3.82","3.83","3.91","3.89","3.89","3.9","3.87","3.89","3.89","3.87","3.87","3.86","3.87","3.86","3.86","3.87","3.88","3.87","3.86","3.85","3.84","3.9","3.91","3.92","3.92","3.89","3.91","3.94","3.95","4","","","","","","","3.89","4.09","","1.0","LATE"
"DGS2","UST 2y","US RATES & CURVE","2026-09-10","4.56","4.43","13","22","34","109","100","4.56","3.38","1","496","bp","4.05","4.2","4.19","4.24","4.16","4.11","4.09","4.07","4.1","4.14","4.17","4.14","4.13","4.19","4.21","4.16","4.21","4.26","4.18","4.13","4.16","4.18","4.21","4.26","4.31","4.37","4.33","4.31","4.26","4.22","4.23","4.28","4.25","4.2","4.18","4.25","4.19","4.25","4.22","4.2","4.15","4.17","4.19","4.19","4.19","4.19","4.24","4.24","4.17","4.19","4.2","4.34","4.34","4.39","4.39","4.34","4.37","4.39","4.43","4.56","","","","","","","4.22","3.54","","1.0","LATE"
"DGS5","UST 5y","US RATES & CURVE","2026-09-10","4.75","4.61","14","23","36","102","100","4.75","3.51","1","496","bp","4.16","4.27","4.23","4.29","4.27","4.17","4.15","4.12","4.14","4.19","4.24","4.23","4.21","4.27","4.31","4.27","4.3","4.37","4.31","4.26","4.28","4.28","4.33","4.37","4.41","4.46","4.43","4.4","4.35","4.37","4.38","4.45","4.4","4.33","4.33","4.4","4.35","4.41","4.39","4.38","4.32","4.36","4.38","4.37","4.35","4.39","4.43","4.41","4.35","4.37","4.38","4.48","4.49","4.55","4.54","4.52","4.54","4.57","4.61","4.75","","","","","","","4.39","3.59","","1.0","LATE"
"DGS10","UST 10y","US RATES & CURVE","2026-09-10","4.95","4.83","12","18","25","77","100","4.95","3.97","1","496","bp","4.43","4.49","4.46","4.51","4.5","4.41","4.4","4.38","4.38","4.44","4.48","4.49","4.48","4.55","4.56","4.54","4.56","4.62","4.58","4.55","4.57","4.55","4.6","4.63","4.67","4.71","4.69","4.65","4.61","4.67","4.68","4.75","4.7","4.63","4.63","4.69","4.65","4.72","4.7","4.68","4.63","4.68","4.72","4.71","4.65","4.69","4.74","4.7","4.64","4.66","4.67","4.73","4.75","4.79","4.79","4.77","4.78","4.8","4.83","4.95","","","","","","","4.7","4.04","99.9","1.0","LATE"
"DGS30","UST 30y","US RATES & CURVE","2026-09-10","5.37","5.28","9","12","13","53","100","5.37","4.54","1","496","bp","4.93","4.93","4.9","4.95","4.94","4.86","4.86","4.87","4.86","4.91","4.97","4.98","4.99","5.05","5.06","5.05","5.06","5.1","5.08","5.08","5.09","5.06","5.11","5.13","5.15","5.17","5.16","5.12","5.09","5.2","5.21","5.27","5.23","5.18","5.17","5.22","5.19","5.25","5.24","5.24","5.21","5.25","5.31","5.28","5.19","5.23","5.27","5.23","5.17","5.18","5.19","5.22","5.25","5.27","5.27","5.25","5.24","5.25","5.28","5.37","","","","","","","5.24","4.69","","1.0","LATE"
"US_10Y_2Y","2s10s","US RATES & CURVE","2026-09-10","0.39","0.4","-1","-4","-9","-32","11.95219124","0.74","0.27","0.2553191489","496","bp","0.38","0.29","0.27","0.27","0.34","0.3","0.31","0.31","0.28","0.3","0.31","0.35","0.35","0.36","0.35","0.38","0.35","0.36","0.4","0.42","0.41","0.37","0.39","0.37","0.36","0.34","0.36","0.34","0.35","0.45","0.45","0.47","0.45","0.43","0.45","0.44","0.46","0.47","0.48","0.48","0.48","0.51","0.53","0.52","0.46","0.5","0.5","0.46","0.47","0.47","0.47","0.39","0.41","0.4","0.4","0.43","0.41","0.41","0.4","0.39","","","","","","","0.4800000000000004","0.5","55.9","1.0","LATE"
"US_10Y_3M","3m10s","US RATES & CURVE","2026-09-10","0.95","0.88","7","7","14","44","99.60159363","1","-0.07","0.953271028","496","bp","0.64","0.66","0.63","0.66","0.65","0.56","0.56","0.55","0.51","0.57","0.63","0.67","0.61","0.69","0.69","0.71","0.71","0.73","0.74","0.72","0.73","0.7","0.74","0.76","0.78","0.76","0.73","0.69","0.71","0.84","0.86","0.92","0.79","0.74","0.74","0.79","0.78","0.83","0.81","0.81","0.76","0.82","0.85","0.85","0.79","0.82","0.86","0.83","0.78","0.81","0.83","0.83","0.84","0.87","0.87","0.88","0.87","0.86","0.88","0.95","","","","","","","0.81","-0.04999999999999982","","1.0","LATE"
"DFII10","10y real (TIPS)","US RATES & CURVE","2026-09-10","2.55","2.46","9","13","12","62","100","2.55","1.67","1","496","bp","2.14","2.23","2.21","2.28","2.29","2.23","2.19","2.18","2.16","2.2","2.25","2.26","2.24","2.3","2.31","2.31","2.32","2.36","2.33","2.32","2.35","2.31","2.35","2.37","2.39","2.43","2.43","2.44","2.41","2.41","2.41","2.47","2.43","2.4","2.41","2.43","2.4","2.43","2.43","2.42","2.39","2.41","2.44","2.41","2.35","2.35","2.4","2.38","2.32","2.34","2.34","2.42","2.44","2.44","2.45","2.42","2.43","2.43","2.46","2.55","","","","","","","2.43","1.69","100.0","1.0","LATE"
"T10YIE","10y breakeven","US RATES & CURVE","2026-09-11","2.36","2.4","-4","1","10","11","78.48605578","2.5","2.18","0.5625","497","bp","2.26","2.25","2.23","2.21","2.18","2.21","2.2","2.22","2.24","2.23","2.23","2.24","2.25","2.25","2.23","2.24","2.26","2.25","2.23","2.22","2.24","2.25","2.26","2.28","2.28","2.26","2.21","2.2","2.26","2.27","2.28","2.27","2.23","2.22","2.26","2.25","2.29","2.27","2.26","2.24","2.27","2.28","2.3","2.3","2.34","2.34","2.32","2.32","2.32","2.33","2.31","2.31","2.35","2.34","2.35","2.35","2.37","2.37","2.4","2.36","","","","","","","2.26","2.34","77.2","1.0","LATE"
"T5YIFR","5y5y fwd infl.","US RATES & CURVE","2026-09-11","2.32","2.34","-2","-1","4","8","92.03187251","2.35","2.05","0.9","497","bp","2.21","2.23","2.18","2.18","2.17","2.19","2.19","2.2","2.22","2.2","2.22","2.21","2.22","2.19","2.18","2.2","2.21","2.22","2.21","2.2","2.21","2.22","2.24","2.26","2.27","2.28","2.24","2.24","2.28","2.3","2.3","2.31","2.27","2.26","2.29","2.28","2.33","2.31","2.28","2.27","2.3","2.31","2.33","2.32","2.34","2.34","2.32","2.33","2.33","2.35","2.32","2.31","2.33","2.33","2.33","2.33","2.34","2.33","2.34","2.32","","","","","","","2.28","2.27","","1.0","LATE"
"DFF","Fed funds effective","FED POLICY & LIQUIDITY","2026-09-10","3.63","3.63","0","0","0","-1","34.69945355","4.33","3.62","0.01408450704","726","bp","3.62","3.63","3.63","3.63","3.63","3.63","3.63","3.63","3.63","3.63","3.63","3.63","3.63","3.63","3.63","3.63","3.63","3.63","3.63","3.63","3.63","3.63","3.63","3.63","3.63","3.63","3.63","3.63","3.63","3.63","3.63","3.63","3.63","3.63","3.63","3.63","3.63","3.63","3.63","3.63","3.63","3.63","3.63","3.63","3.63","3.63","3.63","3.63","3.63","3.63","3.63","3.63","3.63","3.63","3.63","3.63","3.63","3.63","3.63","3.63","","","","","","","3.63","4.33","","1.0","LATE"
"DFEDTARU","Target range upper","FED POLICY & LIQUIDITY","2026-09-13","3.75","3.75","0","0","0","0","75.68306011","4.5","3.75","0","729","bp","3.75","3.75","3.75","3.75","3.75","3.75","3.75","3.75","3.75","3.75","3.75","3.75","3.75","3.75","3.75","3.75","3.75","3.75","3.75","3.75","3.75","3.75","3.75","3.75","3.75","3.75","3.75","3.75","3.75","3.75","3.75","3.75","3.75","3.75","3.75","3.75","3.75","3.75","3.75","3.75","3.75","3.75","3.75","3.75","3.75","3.75","3.75","3.75","3.75","3.75","3.75","3.75","3.75","3.75","3.75","3.75","3.75","3.75","3.75","3.75","","","","","","","3.75","4.5","","1.0","BEHIND"
"SOFR","SOFR","FED POLICY & LIQUIDITY","2026-09-10","3.62","3.64","-2","-4","-2","-25","20","4.51","3.5","0.1188118812","495","bp","3.63","3.63","3.62","3.61","3.62","3.62","3.64","3.62","3.62","3.68","3.66","3.64","3.63","3.62","3.58","3.53","3.55","3.6","3.63","3.64","3.62","3.59","3.57","3.61","3.62","3.64","3.64","3.64","3.65","3.65","3.65","3.66","3.65","3.66","3.64","3.65","3.62","3.63","3.64","3.62","3.62","3.62","3.66","3.65","3.62","3.63","3.65","3.65","3.66","3.64","3.64","3.65","3.68","3.66","3.65","3.66","3.65","3.64","3.64","3.62","","","","","","","3.64","4.39","","1.0","LATE"
"WALCL","Fed balance sheet $bn","FED POLICY & LIQUIDITY","2026-09-09","6740.619","6737.204","3.415","3.415","-19.336","100.001","90.56603774","6759.955","6535.781","0.9137455726","104","abs","6657.715","6642.578","6640.843","6643.615","6618.415","6603.384","6602.071","6605.962","6608.597","6608.395","6587.119","6590.815","6596.454","6589.533","6587.034","6572.732","6580.462","6555.283","6552.419","6535.781","6539.303","6556.861","6581.231","6640.618","6573.602","6581.7","6584.58","6587.568","6605.909","6622.382","6613.395","6613.797","6628.894","6646.344","6655.939","6657.161","6675.344","6693.871","6705.696","6707.419","6699.95","6709.505","6728.502","6713.643","6704.383","6711.495","6725.397","6736.424","6735.645","6724.564","6735.609","6743.028","6747.378","6738.19","6748.567","6759.955","6745.699","6730.912","6737.204","6740.619","","","","","","","6759.955","6602.071","","7.0","WEEKLY"
"RRPONTSYD","ON RRP $bn","FED POLICY & LIQUIDITY","2026-09-11","5.255","4.736","0.519","4.58","4.53","-100.738","74.8","105.993","0.03","0.04930966469","496","abs","6.828","0.251","3.925","6.484","4.534","5.718","6.426","3.546","26.9","1.001","2.175","2.719","4.484","3.347","5.772","0.545","0.795","0.278","0.151","0.125","0.1","0.03","0.275","0.376","0.904","0.675","1.38","1.126","2.576","1.076","2.151","2.127","2.251","1.65","1.429","1.45","0.975","1.25","0.725","0.45","0.25","0.255","0.155","0.317","0.225","0.2","0.38","0.405","0.702","0.456","0.175","6.726","0.725","0.525","0.702","0.675","0.626","0.432","4.736","5.255","","","","","","","0.725","26.897","","1.0","LATE"
"WTREGEN","TGA $bn","FED POLICY & LIQUIDITY","2026-09-09","883.335","967.935","-84.6","-84.6","-80.615","46.029","60.37735849","1005.968","672.274","0.6324986365","104","abs","323.176","370.507","421.043","504.304","519.534","589.998","597.513","672.274","756.376","804.856","805.139","807.428","809.593","908.001","957.99","940.979","953.816","941.926","903.394","937.167","858.946","833.093","837.12","837.306","796.148","779.175","869.261","923.042","908.773","915.306","912.727","887.612","832.053","838.186","853.052","874.077","847.718","748.376","751.354","1005.968","981.929","877.761","838.584","781.293","830.296","875.713","828.122","880.713","918.696","880.237","774.062","756.218","829.623","910.776","907.324","963.95","953.612","950.736","967.935","883.335","","","","","","","963.95","597.513","","7.0","WEEKLY"
"Net_Liquidity","Net liquidity $bn","FED POLICY & LIQUIDITY","2026-09-09","5856.852","5768.744","88.108","88.108","61.572","159.533","81.13207547","5986.659","5596.1","0.6676379241","102","abs","6144.907","6116.59","6127.834","6082.109","6063.882","5978.642","5986.635","5904.288","5838.258","5774.367","5771.801","5778.156","5781.377","5677.527","5609.54","5618.939","5620.76","5612.228","5646.808","5596.1","5675.312","5713.407","5739.308","5697.319","5772.872","5799.302","5711.975","5663.423","5694.722","5706.028","5699.812","5725.026","5795.964","5807.606","5802.189","5782.307","5825.519","5945.318","5954.119","5700.913","5717.274","5830.111","5886.199","5907.483","5872.234","5833.72","5896.888","5848.883","5812.415","5843.326","5958.2","5986.659","5917.379","5824.838","5839.593","5795.28","5791.77","5779.474","5768.744","5856.852","","","","","","","5795.28","5986.635","","7.0","WEEKLY"
"M2SL","M2 $bn","FED POLICY & LIQUIDITY","2026-07-01","23218","23115.2","0.004447290095","","0.004447290095","0.03859040138","100","23218","22025.5","1","22","pct","","","","","","","","","","","","","","","","","","","","","","","","","","","","","","","","","","","","","","","21336.7","21454.8","21487.6","21539.3","21607.3","21684.1","21770.8","21836.1","21942.6","22025.5","22092.6","22176.1","22249.8","22279.8","22355.3","22413.4","22598.9","22640.4","22756.7","23013.9","23115.2","23218","","","","","","","23115.2","22025.5","","31.0","MONTHLY"
"BAMLH0A0HYM2","HY OAS","CREDIT & RISK","2026-09-10","2.7","2.71","-1","5","-2","-11","14.77272727","3.46","2.6","0.1162790698","521","bp","2.66","2.65","2.71","2.76","2.78","2.83","2.8","2.75","2.74","2.75","2.74","2.72","2.67","2.7","2.7","2.69","2.69","2.72","2.71","2.71","2.73","2.69","2.69","2.68","2.77","2.79","2.81","2.84","2.87","2.84","2.85","2.78","2.73","2.75","2.71","2.7","2.7","2.72","2.71","2.71","2.67","2.7","2.75","2.73","2.75","2.7","2.69","2.7","2.67","2.63","2.6","2.63","2.65","2.66","2.65","2.68","2.68","2.67","2.71","2.7","","","","","","","2.72","2.84","10.9","1.0","LATE"
"BAMLC0A0CM","IG OAS","CREDIT & RISK","2026-09-10","0.8","0.81","-1","-1","1","1","65.90909091","0.94","0.73","0.3333333333","520","bp","0.74","0.74","0.74","0.75","0.76","0.77","0.76","0.76","0.76","0.75","0.75","0.75","0.76","0.76","0.76","0.77","0.78","0.79","0.79","0.78","0.79","0.78","0.78","0.78","0.79","0.8","0.81","0.81","0.81","0.8","0.79","0.78","0.78","0.78","0.78","0.78","0.78","0.79","0.79","0.79","0.8","0.81","0.82","0.81","0.82","0.81","0.81","0.81","0.8","0.79","0.79","0.8","0.81","0.81","0.81","0.81","0.81","0.81","0.81","0.8","","","","","","","0.79","0.79","29.9","1.0","LATE"
"HY_IG_OAS","HY − IG","CREDIT & RISK","2026-09-10","1.9","1.9","0","6","-3","-12","7.954545455","2.53","1.81","0.125","520","bp","1.92","1.91","1.97","2.01","2.02","2.06","2.04","1.99","1.98","2","1.99","1.97","1.91","1.94","1.94","1.92","1.91","1.93","1.92","1.93","1.94","1.91","1.91","1.9","1.98","1.99","2","2.03","2.06","2.04","2.06","2","1.95","1.97","1.93","1.92","1.92","1.93","1.92","1.92","1.87","1.89","1.93","1.92","1.93","1.89","1.88","1.89","1.87","1.84","1.81","1.83","1.84","1.85","1.84","1.87","1.87","1.86","1.9","1.9","","","","","","","1.9300000000000002","2.05","9.0","1.0","LATE"
"VIXCLS","VIX","CREDIT & RISK","2026-09-10","17.84","16.46","1.38","3.52","2.56","2.89","60.61776062","31.05","13.47","0.2485779295","513","abs","16.78","17.28","19.49","18.63","18.89","18.41","17.65","16.45","16.59","16.15","15.81","15.57","16.13","16.9","15.84","15.03","17.16","16.5","15.67","16.73","18.77","18.65","17.05","16.64","18.7","18.58","18.67","18.21","20.66","17.09","15.99","15.86","16.5","15.81","15.15","14.9","15.46","15.28","14.55","14.63","14.25","15.19","15.84","14.89","16.01","15.13","15.85","15.45","15.21","14.51","14.43","14.92","16.34","15.2","14.32","14.53","15.3","15.72","16.46","17.84","","","","","","","15.28","15.35","67.0","1.0","LATE"
"NFCI","Chicago Fed NFCI","CREDIT & RISK","2026-09-04","-0.564","-0.56","-0.004","-0.004","-0.018","-0.024","7.547169811","-0.46","-0.571","0.06306306306","103","abs","-0.515","-0.519","-0.521","-0.523","-0.526","-0.527","-0.528","-0.528","-0.528","-0.527","-0.527","-0.526","-0.524","-0.521","-0.518","-0.515","-0.511","-0.51","-0.509","-0.511","-0.514","-0.519","-0.528","-0.54","-0.551","-0.563","-0.569","-0.571","-0.567","-0.559","-0.545","-0.528","-0.509","-0.49","-0.474","-0.464","-0.46","-0.465","-0.475","-0.487","-0.497","-0.505","-0.51","-0.511","-0.51","-0.509","-0.508","-0.508","-0.51","-0.514","-0.52","-0.526","-0.53","-0.536","-0.541","-0.546","-0.551","-0.555","-0.56","-0.564","","","","","","","-0.546","-0.528","","7.0","WEEKLY"
"ANFCI","Adjusted NFCI","CREDIT & RISK","2026-09-04","-0.588","-0.585","-0.003","-0.003","-0.001","-0.02","16.98113208","-0.457","-0.596","0.05755395683","103","abs","-0.566","-0.57","-0.573","-0.576","-0.58","-0.581","-0.581","-0.58","-0.581","-0.584","-0.589","-0.594","-0.595","-0.592","-0.588","-0.583","-0.579","-0.576","-0.572","-0.567","-0.56","-0.556","-0.558","-0.568","-0.58","-0.59","-0.596","-0.595","-0.587","-0.575","-0.561","-0.543","-0.521","-0.496","-0.474","-0.461","-0.457","-0.468","-0.488","-0.505","-0.516","-0.518","-0.515","-0.513","-0.517","-0.528","-0.545","-0.559","-0.569","-0.574","-0.577","-0.578","-0.581","-0.584","-0.586","-0.587","-0.585","-0.584","-0.585","-0.588","","","","","","","-0.587","-0.581","","7.0","WEEKLY"
"SORA_ON","SORA overnight","SINGAPORE RATES & SGD","2026-09-11","1.1377","1.2359","-9.82","4.68","-32.39","24.28","51.58730159","1.6685","0.7564","0.4180462669","501","bp","1.0328","1.1041","1.0471","1.0841","1.1553","1.4328","1.2652","1.1886","1.2845","1.3452","1.4085","1.337","1.4019","1.2645","1.0769","1.0497","1.0532","1.0237","1.0911","1.0657","1.2056","1.228","1.3286","1.3796","1.3583","1.1746","1.0585","0.9472","0.9068","0.9666","0.8291","0.883","0.8977","0.8586","1.0506","1.4504","1.3688","1.4616","1.3924","1.2692","1.2803","1.4968","1.4443","1.3892","1.3389","1.3605","1.1866","1.2576","1.3021","1.3737","1.4028","1.2544","1.2644","1.2221","1.0909","1.1271","1.2152","1.1672","1.2359","1.1377","","","","","","","1.4616","1.3468","","1.0","LATE"
"SORA_1M","1M compounded SORA","SINGAPORE RATES & SGD","2026-09-11","1.2664","1.2925","-2.61","-6.02","12.53","9.25","84.12698413","1.3927","0.9708","0.7006399621","501","bp","0.9984","1.0023","1.0043","1.0075","1.0156","1.0727","1.0854","1.1032","1.117","1.1313","1.1729","1.1827","1.1946","1.1966","1.1883","1.1736","1.1697","1.1649","1.1678","1.1775","1.2053","1.2119","1.2217","1.2309","1.2413","1.2363","1.2239","1.2077","1.1957","1.1883","1.1454","1.1284","1.1119","1.0942","1.0849","1.1175","1.1278","1.1411","1.152","1.1723","1.1747","1.1841","1.1918","1.197","1.1954","1.2014","1.2018","1.2045","1.2123","1.2543","1.2728","1.2866","1.3006","1.3116","1.3266","1.3162","1.3086","1.2994","1.2925","1.2664","","","","","","","1.1411","1.3007","","1.0","LATE"
"SORA_3M","3M compounded SORA","SINGAPORE RATES & SGD","2026-09-11","1.1975","1.1986","-0.11","-0.19","7.66","1.18","70.23809524","1.5329","1.0182","0.348358267","501","bp","1.077","1.0753","1.0736","1.0727","1.0725","1.0806","1.0813","1.0825","1.0871","1.0911","1.1051","1.1091","1.1132","1.1153","1.1157","1.1238","1.1251","1.1271","1.1304","1.1324","1.1427","1.1458","1.1494","1.1545","1.1587","1.1639","1.163","1.1592","1.1548","1.1528","1.1354","1.1302","1.1246","1.1181","1.1155","1.1166","1.1172","1.1209","1.1238","1.1255","1.1265","1.1304","1.1337","1.1368","1.1471","1.1512","1.1542","1.1583","1.1628","1.1805","1.1863","1.1905","1.1943","1.1967","1.1994","1.2003","1.2004","1.1987","1.1986","1.1975","","","","","","","1.1209","1.5329","","1.0","LATE"
"SORA_6M","6M compounded SORA","SINGAPORE RATES & SGD","2026-09-11","1.1414","1.1379","0.35","0.89","4.04","-17.81","48.01587302","1.8732","1.0748","0.08341683367","501","bp","1.0786","1.0774","1.0761","1.0753","1.0748","1.0783","1.0779","1.0781","1.0803","1.0822","1.0883","1.0896","1.0917","1.0931","1.0932","1.0935","1.0942","1.094","1.0927","1.0919","1.093","1.0947","1.0969","1.0981","1.098","1.0942","1.0934","1.0914","1.0883","1.0875","1.0828","1.0822","1.0823","1.0819","1.0829","1.0956","1.0984","1.101","1.1029","1.1063","1.1074","1.1096","1.1102","1.1108","1.1125","1.1143","1.1149","1.1163","1.1177","1.122","1.1239","1.125","1.1262","1.1282","1.1325","1.1338","1.1357","1.1365","1.1379","1.1414","","","","","","","1.101","1.8732","","1.0","LATE"
"SG_SF_DEPO","MAS SF deposit","SINGAPORE RATES & SGD","2026-09-14","0.81","0.78","3","2","-16","-9","60.9561753","1.19","0.41","0.5128205128","502","bp","0.8","0.71","0.69","0.71","1.08","0.95","0.82","0.8","0.95","0.92","0.86","0.91","0.83","0.75","0.7","0.68","0.65","0.62","0.65","0.73","0.75","0.8","0.97","0.94","0.81","0.69","0.65","0.57","0.56","0.55","0.52","0.58","0.56","0.63","0.97","0.87","1.08","1.01","0.97","0.84","0.89","0.93","0.93","0.92","0.92","0.89","0.83","0.89","0.96","0.99","0.89","0.85","0.88","0.84","0.79","0.78","0.77","0.8","0.78","0.81","","","","","","","0.97","0.96","","1.0","FRESH"
"SG_SF_BORR","MAS SF borrow","SINGAPORE RATES & SGD","2026-09-14","1.81","1.78","3","2","-16","-9","60.9561753","2.19","1.41","0.5128205128","502","bp","1.8","1.71","1.69","1.71","2.08","1.95","1.82","1.8","1.95","1.92","1.86","1.91","1.83","1.75","1.7","1.68","1.65","1.62","1.65","1.73","1.75","1.8","1.97","1.94","1.81","1.69","1.65","1.57","1.56","1.55","1.52","1.58","1.56","1.63","1.97","1.87","2.08","2.01","1.97","1.84","1.89","1.93","1.93","1.92","1.92","1.89","1.83","1.89","1.96","1.99","1.89","1.85","1.88","1.84","1.79","1.78","1.77","1.8","1.78","1.81","","","","","","","1.97","1.96","","1.0","FRESH"
"TBILL_6M","6M T-bill cut-off","SINGAPORE RATES & SGD","2026-09-10","1.7","1.6","10","10","15","10","100","1.7","1.36","1","52","bp","","","","","","","","","2.97","3.06","2.99","3.04","3.08","3","3.02","3.05","2.99","3.04","2.9","2.75","2.56","2.73","2.5","2.38","2.3","2.2","2.05","2","1.85","1.79","1.77","1.59","1.44","1.38","1.44","1.44","1.41","1.37","1.39","1.41","1.48","1.6","1.39","1.37","1.36","1.36","1.37","1.46","1.47","1.4","1.4","1.45","1.48","1.47","1.5","1.55","1.59","1.56","1.6","1.7","","","","","","","1.55","1.44","","14.0","WEEKLY"
"TBILL_1Y","1Y T-bill cut-off","SINGAPORE RATES & SGD","2026-07-23","1.68","1.46","22","","22","33","100","1.68","1.35","1","8","bp","","","","","","","","","","","","","","","","","","","","","","","","","","","","","","","","","","","","","","","","","","","","","","","","","","","","","2.71","2.95","2.29","1.68","1.35","1.44","1.46","1.68","","","","","","","1.46","","","98.0","MONTHLY"
"TBILL_6M_BTC","6M bid-to-cover","SINGAPORE RATES & SGD","2026-09-10","1.97","1.93","0.04","0.04","0.15","0.07","33.33333333","2.42","1.66","0.4078947368","52","abs","","","","","","","","","2.05","2.19","1.99","1.82","1.96","2.45","2.33","1.99","2.55","2.13","3.19","2.69","2.64","2.14","2.32","2.24","2.32","2.41","2.35","2.13","2.15","2.04","1.69","2.39","2.39","2.02","1.75","1.9","2.01","2.33","2.11","2.03","1.88","1.9","2.42","2.03","2.02","2.14","2.08","2","1.74","2.29","2.05","2.12","1.66","2.36","2","1.82","2.11","2.13","1.93","1.97","","","","","","","1.82","2.39","","14.0","WEEKLY"
"SGS_2Y","SGS 2y","SINGAPORE RATES & SGD","","","","","","","","","","","","0","bp","","","","","","","","","","","","","","","","","","","","","","","","","","","","","","","","","","","","","","","","","","","","","","","","","","","","","","","","","","","","","","","","","","","","","","","MISSING"
"SGS_10Y","SGS 10y","SINGAPORE RATES & SGD","","","","","","","","","","","","0","bp","","","","","","","","","","","","","","","","","","","","","","","","","","","","","","","","","","","","","","","","","","","","","","","","","","","","","","","","","","","","","","","","","","","","","","","MISSING"
"DEXSIUS","USDSGD","SINGAPORE RATES & SGD","2026-09-04","1.2665","1.2666","-0.00007895152376","-0.006198995606","-0.01155076875","-0.0150867097","6.349206349","1.3075","1.2616","0.1067538126","494","pct","1.2886","1.2833","1.282","1.2813","1.2827","1.2898","1.2933","1.2967","1.2977","1.2951","1.2931","1.2922","1.2941","1.2955","1.291","1.2925","1.2919","1.2956","1.2918","1.2903","1.293","1.291","1.2895","1.2901","1.2911","1.2912","1.2916","1.2903","1.2925","1.2898","1.2909","1.2913","1.2926","1.2821","1.2828","1.2826","1.2817","1.2813","1.2837","1.2781","1.2799","1.2798","1.2792","1.2804","1.2783","1.2768","1.2781","1.2719","1.272","1.2692","1.2706","1.2693","1.2719","1.2708","1.2744","1.2718","1.2726","1.2708","1.2666","1.2665","","","","","","","1.2813","1.2894","","1.0","LATE"
"STI","STI (OANDA CFD)","SINGAPORE RATES & SGD","2026-09-11","531.84","528.68","0.005977150639","-0.02654024966","-0.0241825988","0.1967327468","90.76923077","550.24","432.29","0.8440016956","516","pct","479.04","479.7","483.25","476.68","478.24","479.88","478.8","483.28","488.88","488.22","492.36","499.19","505.29","513.53","517.2","514.04","516.9","523.76","517.96","512.24","511.26","515.57","521.63","512.34","516.3","521.17","525.09","527.66","525.77","520.9","524.18","528.32","522.97","527.78","536.94","536.94","550.24","545.02","541.32","542.41","542.8","534.25","536.8","534.62","534.59","534","543.34","541.56","536.88","539.58","541.52","536.2","541.97","542.88","546.34","541.9","541.7","532.53","528.68","531.84","","","","","","","545.02","459.86","","1.0","LATE"
"DXY","US Dollar Index","FX","2026-09-04","99.11224909","98.9622826","0.00151539035","-0.004489576315","-0.006160523801","0.007650478766","53.57142857","101.6445468","96.22213534","0.5329941809","494","pct","100.2276124","99.74569437","99.58487599","99.49603881","99.67289223","100.73903","100.983278","101.3623013","101.6445468","101.3253383","101.2164381","101.1185991","101.2025512","101.3460336","100.7433748","101.001875","100.9847237","101.2389589","100.8708293","100.7559268","101.1085721","100.8889916","100.7125005","100.6901826","100.745634","100.9950235","101.1222517","101.0880163","101.4716186","101.3372871","101.4590865","101.2803612","101.4351991","100.006671","100.0127509","99.93411364","99.8717373","99.72661729","99.97130885","99.56415725","99.69599008","99.79963507","99.83460315","99.92403722","99.54045899","99.47406071","99.60977896","98.90829399","98.83353017","98.7937228","98.99005255","98.92608253","99.16080222","99.10060065","99.55922784","99.42212798","99.63280234","99.53584201","98.9622826","99.11224909","","","","","","","99.72661728902554","98.31973224470137","","1.0","LATE"
"DTWEXBGS","Broad USD (Fed)","FX","2026-09-04","118.0732","118.127","-0.0004554420243","-0.005681784688","-0.01101366049","-0.01396627517","9.523809524","121.9171","117.4396","0.1415075377","494","pct","120.1174","119.5073","119.3158","119.256","119.3871","120.3958","120.5463","121.0552","121.412","121.0559","120.8866","120.9525","120.9248","121.1455","120.6902","120.835","120.8145","121.1307","120.753","120.5046","120.7413","120.4728","120.3088","120.331","120.5315","120.5401","120.5779","120.5736","120.9075","120.7105","120.7739","120.6247","120.7892","119.6753","119.7034","119.6951","119.5977","119.3881","119.5113","119.0649","119.1187","119.179","119.1179","119.1848","118.9028","118.814","118.9831","118.3328","118.2548","118.0628","118.3195","118.2283","118.4461","118.3583","118.7479","118.5679","118.6568","118.5296","118.127","118.0732","","","","","","","119.3881","120.7629","","1.0","LATE"
"DEXUSEU","EURUSD","FX","2026-09-04","1.1618","1.1623","-0.0004301815366","0.001724435247","0.006148783234","-0.01005453306","44.84126984","1.198","1.1348","0.4272151899","494","pct","1.1515","1.1573","1.1599","1.1615","1.1593","1.147","1.1432","1.1383","1.1348","1.1385","1.1403","1.1425","1.1417","1.1384","1.1448","1.1426","1.1423","1.1396","1.1439","1.1438","1.1402","1.1428","1.1436","1.1447","1.144","1.1411","1.1408","1.1414","1.1373","1.1385","1.1376","1.1401","1.1384","1.1522","1.1519","1.1509","1.1527","1.1547","1.1521","1.1559","1.1552","1.1543","1.154","1.1531","1.1581","1.1591","1.158","1.1664","1.1679","1.1684","1.1665","1.1673","1.1651","1.1654","1.1598","1.1617","1.1593","1.1592","1.1623","1.1618","","","","","","","1.1547","1.1648","","1.0","LATE"
"DEXUSUK","GBPUSD","FX","2026-09-04","1.3521","1.3536","-0.001108156028","-0.00250829952","0.004382706879","0.00550308619","75.79365079","1.3795","1.3044","0.6351531292","494","pct","1.3337","1.3414","1.3426","1.3438","1.34","1.3228","1.3249","1.3192","1.316","1.3216","1.3223","1.3255","1.3259","1.328","1.3364","1.3369","1.3372","1.3362","1.3409","1.3421","1.3382","1.3383","1.3497","1.3485","1.3446","1.342","1.3374","1.3378","1.3313","1.3344","1.3304","1.3311","1.3288","1.3463","1.347","1.3434","1.3456","1.3462","1.3456","1.3498","1.3526","1.3516","1.3511","1.3497","1.3556","1.3564","1.3543","1.3608","1.3639","1.3644","1.3631","1.3644","1.3595","1.36","1.3555","1.355","1.3527","1.3503","1.3536","1.3521","","","","","","","1.3462","1.3441","","1.0","LATE"
"DEXUSAL","AUDUSD","FX","2026-09-04","0.7209","0.7199","0.001389081817","0.006000558191","0.02240816905","0.08097165992","96.82539683","0.7263","0.6448","0.9337423313","494","pct","0.6995","0.7047","0.7081","0.7077","0.7073","0.7019","0.7","0.6926","0.6895","0.6922","0.6907","0.6885","0.6915","0.6903","0.6931","0.6944","0.6935","0.6911","0.6944","0.6959","0.6935","0.6974","0.6999","0.7004","0.6985","0.7004","0.7008","0.7","0.6975","0.6996","0.6993","0.6984","0.693","0.7022","0.7026","0.7001","0.7038","0.7051","0.7028","0.7064","0.7066","0.7062","0.707","0.7058","0.7091","0.7113","0.7097","0.7123","0.712","0.7178","0.7151","0.716","0.7169","0.7198","0.7166","0.7166","0.7161","0.7169","0.7199","0.7209","","","","","","","0.7051","0.6514","","1.0","LATE"
"DEXJPUS","USDJPY","FX","2026-09-04","156.11","155.39","0.004633502799","-0.02412952429","-0.009642834486","-0.004400510204","34.52380952","163.86","146.36","0.5571428571","494","pct","160.51","160.24","160.2","160.39","160.22","161.37","161.51","161.55","161.76","161.67","161.67","161.93","162.61","162.41","160.9","162.28","161.91","162.67","162.29","161.31","162.32","162.14","162.13","162.42","162.43","162.59","163.01","163.08","163.8","163.71","163.71","163.65","163.86","159.47","159.16","156.96","157.44","157.63","158.45","157.54","158.9","159.25","159.23","159.35","159.21","159.34","159.58","158.45","158.85","158.91","159.17","159.21","159.36","159.26","159.97","159.74","160.03","158.79","155.39","156.11","","","","","","","157.63","148.63","","1.0","LATE"
"DEXSZUS","USDCHF","FX","2026-09-04","0.8096","0.8073","0.002849002849","0.001360544218","0.002600619195","0.02016129032","91.26984127","0.8199","0.7666","0.8067542214","494","pct","0.8007","0.7964","0.7937","0.7928","0.793","0.804","0.8091","0.8097","0.8126","0.8093","0.8082","0.8081","0.8082","0.8086","0.8022","0.8063","0.8069","0.8105","0.8063","0.8063","0.8123","0.8091","0.8067","0.8079","0.8069","0.8104","0.8122","0.8134","0.8172","0.8168","0.8187","0.817","0.8199","0.8056","0.8081","0.8104","0.8092","0.8075","0.8129","0.8078","0.8089","0.8109","0.8117","0.813","0.8116","0.8096","0.8121","0.7998","0.7998","0.8008","0.8024","0.8024","0.8054","0.8036","0.8085","0.8085","0.8117","0.813","0.8073","0.8096","","","","","","","0.8075","0.8059","","1.0","LATE"
"DEXCAUS","USDCAD","FX","2026-09-04","1.3834","1.3782","0.003773037295","-0.00439006837","-0.01312598088","0.008897316219","48.01587302","1.4237","1.3518","0.4394993046","494","pct","1.4004","1.3971","1.3984","1.3982","1.403","1.4142","1.4167","1.4198","1.4237","1.4191","1.4182","1.421","1.4205","1.4205","1.4182","1.4214","1.4194","1.419","1.4163","1.4132","1.4138","1.4067","1.4047","1.4033","1.4014","1.4059","1.4097","1.4084","1.4087","1.4078","1.411","1.4091","1.4086","1.4003","1.4028","1.4039","1.4071","1.4018","1.4029","1.3933","1.3927","1.3923","1.3919","1.3934","1.3872","1.3867","1.3889","1.3821","1.378","1.3765","1.384","1.3833","1.3876","1.3854","1.3895","1.3862","1.3902","1.385","1.3782","1.3834","","","","","","","1.4018","1.3828","","1.0","LATE"
"DEXCHUS","USDCNY","FX","2026-09-04","6.7108","6.7181","-0.001086616752","-0.002259887006","-0.005556955085","-0.0403683631","0.3968253968","7.1414","6.7108","0","494","pct","6.7756","6.7626","6.757","6.7562","6.7577","6.7686","6.7745","6.79","6.8106","6.7976","6.798","6.7936","6.7851","6.7942","6.7886","6.7958","6.7934","6.8025","6.7921","6.7766","6.7795","6.77","6.7682","6.7726","6.776","6.7668","6.7656","6.7725","6.7701","6.7719","6.7657","6.771","6.7661","6.755","6.7509","6.7563","6.7532","6.7483","6.7488","6.7474","6.7452","6.745","6.7433","6.7428","6.7412","6.7399","6.743","6.7295","6.7225","6.721","6.7219","6.7203","6.7225","6.7198","6.726","6.7197","6.7202","6.719","6.7181","6.7108","","","","","","","6.7483","7.1414","","1.0","LATE"
"GOLD","Gold $/oz","COMMODITIES & CRYPTO","2026-09-11","4349.42","4317.025","0.007504010285","-0.01815082989","-0.01340697852","0.006202271313","48.26254826","5418.505","3634.12","0.400866405","514","pct","4191.71","4110.745","3999.5","4026.97","4088.385","4016.955","4007.525","4031.705","4123.605","4175.695","4165.115","4106.12","4077.125","4123.79","4120.67","4001.185","4052.775","4060.695","3976.58","4017.315","4007.585","4077.325","4129.76","4049.78","4052.81","4076.425","4028.67","4066.34","4103.27","4045.165","4055.135","4077.055","4247.275","4240.75","4341.935","4390.235","4368.245","4408.525","4351.27","4376.82","4416.68","4334.575","4522.96","4518.955","4602.99","4651.24","4659.055","4594.675","4601.885","4454.99","4449.24","4328.405","4388.22","4472.965","4429.825","4406.065","4355.705","4402.115","4317.025","4349.42","","","","","","","4408.525","3634.12","","1.0","LATE"
"COPPER","Copper $/lb","COMMODITIES & CRYPTO","2026-09-11","6.44013","6.4042","0.005610380688","-0.0154573139","-0.01757198733","0.1470327361","86.48648649","6.72805","4.52556","0.8692752294","514","pct","6.3292","6.09052","5.9577","6.03104","6.10637","6.08087","6.15355","6.06468","6.08662","6.137","6.16218","6.09688","6.03552","6.16452","6.20108","6.19234","6.28496","6.30402","6.21174","6.18833","6.2658","6.45146","6.4172","6.26524","6.26727","6.32806","6.2732","6.28389","6.43616","6.44566","6.48158","6.56688","6.6874","6.66052","6.5325","6.58116","6.57581","6.55532","6.53931","6.5595","6.56676","6.41194","6.46614","6.44114","6.53662","6.56948","6.67348","6.56176","6.55454","6.50591","6.5572","6.40831","6.47654","6.54186","6.54124","6.57997","6.65087","6.72805","6.4042","6.44013","","","","","","","6.55532","4.58958","","1.0","LATE"
"CopperGold","Copper/Gold ×1000","COMMODITIES & CRYPTO","2026-09-11","1.48068708","1.48347531","-0.001879525618","0.002743309323","-0.004221607813","0.1399623801","81.08108108","1.610692031","1.096265483","0.7472818002","514","pct","1.5099327","1.481609781","1.489611201","1.497662014","1.493589767","1.513800877","1.535498843","1.504246963","1.476043413","1.469695464","1.479474156","1.484827526","1.480337247","1.494867585","1.504871781","1.547626516","1.550779404","1.552448534","1.562080984","1.540414431","1.563485241","1.582277596","1.553891752","1.547056877","1.546401139","1.552355311","1.557139205","1.545342987","1.568544112","1.59342326","1.598363556","1.610692031","1.574515425","1.57059954","1.504513541","1.49904504","1.505366572","1.486964461","1.502850892","1.49869083","1.486809096","1.479254598","1.429625732","1.425360509","1.420081295","1.412414754","1.432367723","1.428122773","1.42431634","1.46036467","1.473779792","1.480524581","1.475892275","1.462533241","1.47663621","1.493389226","1.526933068","1.528367614","1.48347531","1.48068708","","","","","","","1.4869644609024562","1.2629137177638603","","1.0","LATE"
"DCOILWTICO","WTI $/bbl","COMMODITIES & CRYPTO","2026-09-09","97.26","94.21","0.03237448254","0.05545306565","0.1611747851","0.6985679357","85.2","114.58","55.44","0.7071356104","493","pct","84.65","79.8","80.65","80.35","78.94","74.62","71.42","72.67","70.3","71.87","70.56","69.74","69.73","69.6","71.53","74.56","73.15","72.45","79.2","80.44","80.73","80.03","83.43","84.38","86.04","87.66","93.08","91.74","84.25","80.91","86.08","85.15","86.16","81.96","77.33","76.78","78.88","79.77","83.76","84.77","84.97","82.77","83.99","86.04","86.48","87.28","89.75","87.21","86.34","83.9","83.46","84.81","84.57","87.03","91.48","92.15","92.55","92.69","94.21","97.26","","","","","","","83.76","62.97","","1.0","LATE"
"DCOILBRENTEU","Brent $/bbl","COMMODITIES & CRYPTO","2026-09-09","109.51","106.12","0.03194496796","0.1221436623","0.1808281216","0.785004075","87.4015748","138.21","59.93","0.6333673991","502","pct","80.33","79.35","80.46","76.49","75.69","72.09","73.74","70.16","71.59","70.46","69.24","68.53","68.68","69.56","71.78","76.5","74.46","74.34","81.62","83.69","83.08","81.23","85.01","86.99","93.85","94.12","105.32","100.31","91.82","85.51","91.95","91.91","96.95","88.9","86.47","86.65","89.65","87.62","92.74","93.26","92.52","92.03","92.02","92.43","95.29","92.37","94","96.92","92.71","88.24","87.77","90.18","89.75","96.02","97.59","100.52","102.24","104.47","106.12","109.51","","","","","","","92.74","67.97","","1.0","LATE"
"BTCUSD","Bitcoin","COMMODITIES & CRYPTO","2026-09-11","77315.5","77254.5","0.0007895980169","-0.03017398176","0.2174614797","-0.117911478","49.23076923","125310","58671","0.2797836102","516","pct","64372.5","62369.5","60887.5","59292","59650","60209.5","58671","60066.5","61528","62691","63817.5","63649","62057.5","63260.5","63799","62132","64552.5","64935.5","64094.5","64095.5","65312","66370","65878.5","65091.5","64098.5","64898.5","63847.5","63403","64719.5","62886.5","63747.5","64292.5","64784.5","64391.5","64938.5","64103.5","63672.5","63505.5","63347.5","62842","64337.5","64551.5","69096.5","72657","77471","78929.5","78206.5","78451","80092","77390","78856","77400","77418","81448","79721","79208","78495.5","78297","77254.5","77315.5","","","","","","","63505.5","114463.8","","1.0","LATE"
"ETHUSD","Ether","COMMODITIES & CRYPTO","2026-09-11","2530","2461.2","0.02795384365","0.03176868806","0.3423744641","-0.1500940607","61.53846154","4692.5","1556.35","0.3104602777","516","pct","1731.58","1661.48","1610.7","1556.35","1569.48","1615.68","1573.4","1616.15","1704.68","1763.2","1792.98","1782.62","1735.12","1747.52","1789.18","1765.38","1874.98","1922.32","1871.2","1841.48","1903.78","1922.18","1925.15","1884.7","1859.45","1944.52","1916.9","1881.8","1920.18","1861.55","1867.88","1875.45","1915.7","1906.48","1913.4","1878.45","1880.05","1884.72","1885.15","1879.22","1905.22","1912.12","2215.35","2318.85","2440.32","2474","2436.85","2472.92","2507.7","2427.95","2473.15","2419.15","2393.55","2505.3","2452.1","2494.15","2485.5","2470.2","2461.2","2530","","","","","","","1884.72","4418.57","","1.0","LATE"
"ETH_BTC","ETH/BTC","COMMODITIES & CRYPTO","2026-09-11","0.03272306329","0.03185833835","0.02714281372","0.06386987837","0.10260118","-0.0364845273","64.23076923","0.04021309282","0.02601248885","0.4725555659","516","pct","0.02689937473","0.02663930286","0.0264537056","0.02624890373","0.02631148365","0.02683430356","0.02681733736","0.0269060125","0.02770575998","0.02812524924","0.02809542837","0.0280070386","0.02795987592","0.02762418887","0.02804401323","0.02841337797","0.02904581542","0.02960352966","0.02919439265","0.02873025407","0.02914900784","0.02896157903","0.02922273579","0.02895462541","0.02900925919","0.02996247987","0.03002310192","0.0296799836","0.02966926506","0.02960174282","0.0293012275","0.02917058755","0.02957034476","0.02960763455","0.02946480131","0.02930339217","0.02952687581","0.02967805938","0.02975886973","0.02990388594","0.02961290072","0.02962161995","0.03206168185","0.03191502539","0.03149978702","0.03134442762","0.03115917475","0.03152184166","0.03131024322","0.0313729164","0.03136286395","0.03125516796","0.03091722855","0.030759503","0.03075852034","0.03148861226","0.03166423553","0.0315491015","0.03185833835","0.03272306329","","","","","","","0.029678059380683564","0.038602335410846046","","1.0","LATE"
"ICSA","Initial claims (k)","US MACRO PRINTS","2026-09-05","206","207","-1","-1","-6","3","20.75471698","259","189","0.2428571429","103","abs","218","219","226","224","233","229","236","259","233","219","225","233","222","231","221","228","228","222","218","216","235","224","215","203","207","201","210","211","230","230","208","211","214","213","205","211","203","218","208","215","190","199","212","210","212","225","230","227","216","217","217","209","189","198","200","212","207","204","207","206","","","","","","","212.0","236.0","","7.0","WEEKLY"
"PAYEMS","Nonfarm payrolls (k)","US MACRO PRINTS","2026-08-01","159075","158913","162","","162","643","100","159075","158408","1","23","abs","","","","","","","","","","","","","","","","","","","","","","","","","","","","","","","","","","","","","","157945","158079","158316","158268","158310","158377","158485","158498","158478","158542","158472","158548","158408","158449","158432","158592","158436","158650","158798","158861","158892","158913","159075","","","","","","","158913.0","158472.0","","31.0","MONTHLY"
"UNRATE","Unemployment %","US MACRO PRINTS","2026-08-01","4.1","4.1","0","","0","-0.3","16.66666667","4.5","4.1","0","22","abs","","","","","","","","","","","","","","","","","","","","","","","","","","","","","","","","","","","","","","","4.1","4.2","4.1","4","4.2","4.2","4.2","4.3","4.1","4.3","4.3","4.4","4.5","4.4","4.3","4.4","4.3","4.3","4.3","4.2","4.1","4.1","","","","","","","4.1","4.3","","31.0","MONTHLY"
"CPIAUCSL","CPI YoY %","US MACRO PRINTS","2026-08-01","3.353016323","3.303856051","0.04916027205","","0.04916027205","0.6997122082","70","4.166614684","2.391201432","0.5417414169","10","abs","","","","","","","","","","","","","","","","","","","","","","","","","","","","","","","","","","","","","","","","","","","","","","","","","","","2.696443916","2.653304115","2.391201432","2.43400411","3.285957753","3.779245837","4.166614684","3.463530729","3.303856051","3.353016323","","","","","","","3.303856050706311","2.9385917430316155","","31.0","MONTHLY"
"PCEPILFE","Core PCE YoY %","US MACRO PRINTS","2026-07-01","3.344143004","3.343614465","0.0005285385602","","0.0005285385602","0.3730328234","90","3.463709357","2.754538407","0.8313998158","10","abs","","","","","","","","","","","","","","","","","","","","","","","","","","","","","","","","","","","","","","","","","","","","","","","","","","","2.754538407","2.829092786","2.971110181","3.104657789","3.049262855","3.253849777","3.329827413","3.463709357","3.343614465","3.344143004","","","","","","","3.343614465473621","2.86304724556794","","31.0","MONTHLY"
"DGS1MO","UST 1m","PAGE:rates","2026-09-16","3.96","3.93","2.9999999999999805","14.999999999999991","16.999999999999993","21.999999999999975","79.2828685258964","4.24","3.65","0.5254237288135591","6284","bp","3.65","3.66","3.7","3.7","3.71","3.7","3.67","3.7","3.69","3.69","3.67","3.72","3.71","3.73","3.73","3.73","3.76","3.73","3.72","3.75","3.76","3.82","3.8","3.8","3.76","3.73","3.79","3.78","3.79","3.78","3.77","3.8","3.79","3.79","3.79","3.78","3.79","3.79","3.79","3.78","3.77","3.8","3.8","3.79","3.79","3.8","3.81","3.84","3.85","3.85","3.83","3.83","3.79","3.81","3.81","3.91","3.93","3.94","3.93","3.96","","","","","","","3.79","4.2","","1.0","FRESH"
"DGS6MO","UST 6m","PAGE:rates","2026-09-16","4.22","4.17","4.999999999999982","20.999999999999996","26.999999999999957","62.999999999999986","100.0","4.22","3.56","1.0","11260","bp","3.96","3.95","3.95","3.94","4.0","4.01","4.0","3.98","3.98","3.99","3.99","3.96","3.99","4.03","3.95","3.93","3.94","3.96","4.0","4.02","4.05","4.09","4.08","4.1","4.07","3.97","3.98","3.98","4.02","4.0","3.98","3.99","3.96","4.0","3.99","3.97","3.94","3.95","3.95","3.94","3.94","3.94","3.95","3.96","3.95","3.94","3.94","4.02","3.99","4.0","4.0","3.95","3.98","4.0","4.01","4.07","4.12","4.18","4.17","4.22","","","","","","","3.95","3.81","","1.0","FRESH"
"DGS1","UST 1y","PAGE:rates","2026-09-16","4.45","4.39","6.00000000000005","28.000000000000025","45.000000000000014","97.00000000000001","100.0","4.45","3.4","1.0","16162","bp","4.01","3.99","3.96","3.94","3.97","3.98","4.0","3.96","3.95","4.06","4.06","4.02","4.06","4.12","4.02","3.97","3.99","4.01","4.03","4.08","4.11","4.15","4.14","4.14","4.09","4.04","4.04","4.08","4.07","4.04","4.03","4.06","4.01","4.04","4.03","4.0","3.97","3.98","4.0","3.99","4.0","3.99","4.03","4.04","4.01","4.02","4.04","4.15","4.16","4.18","4.16","4.11","4.13","4.15","4.17","4.28","4.35","4.37","4.39","4.45","","","","","","","4.0","3.62","","1.0","FRESH"
"DGS3","UST 3y","PAGE:rates","2026-09-16","4.82","4.76","6.00000000000005","33.00000000000001","57.00000000000003","127.00000000000004","100.0","4.82","3.39","1.0","16162","bp","4.22","4.15","4.13","4.09","4.1","4.15","4.19","4.16","4.14","4.18","4.21","4.18","4.22","4.3","4.23","4.18","4.2","4.21","4.25","4.31","4.34","4.4","4.36","4.35","4.31","4.29","4.3","4.34","4.32","4.25","4.24","4.31","4.25","4.31","4.27","4.25","4.2","4.24","4.25","4.26","4.25","4.26","4.31","4.31","4.25","4.29","4.3","4.41","4.4","4.46","4.45","4.41","4.45","4.44","4.49","4.63","4.69","4.73","4.76","4.82","","","","","","","4.25","3.47","","1.0","FRESH"
"DGS7","UST 7y","PAGE:rates","2026-09-16","4.94","4.91","3.000000000000025","23.000000000000043","40.000000000000036","100.00000000000004","100.0","4.94","3.72","1.0","14292","bp","4.38","4.28","4.26","4.23","4.24","4.3","4.35","4.35","4.33","4.4","4.43","4.4","4.42","4.48","4.44","4.39","4.41","4.4","4.45","4.5","4.53","4.58","4.55","4.52","4.47","4.51","4.52","4.59","4.54","4.47","4.47","4.53","4.49","4.56","4.54","4.52","4.47","4.51","4.54","4.53","4.48","4.53","4.57","4.55","4.48","4.51","4.52","4.59","4.62","4.66","4.66","4.63","4.65","4.68","4.71","4.84","4.87","4.88","4.91","4.94","","","","","","","4.54","3.78","","1.0","FRESH"
"DGS20","UST 20y","PAGE:rates","2026-09-16","5.39","5.4","-1.0000000000000675","10.999999999999943","8.999999999999986","59.999999999999964","99.60159362549801","5.4","4.52","0.9886363636363629","14473","bp","4.96","4.87","4.87","4.87","4.86","4.93","4.97","4.99","4.99","5.05","5.07","5.06","5.08","5.11","5.09","5.07","5.09","5.07","5.12","5.14","5.17","5.2","5.18","5.15","5.11","5.21","5.22","5.28","5.23","5.18","5.18","5.22","5.2","5.25","5.25","5.24","5.2","5.25","5.3","5.28","5.17","5.2","5.25","5.21","5.16","5.17","5.18","5.21","5.24","5.27","5.27","5.25","5.25","5.26","5.28","5.39","5.38","5.37","5.4","5.39","","","","","","","5.3","4.61","","1.0","FRESH"
"DFII5","5y real (TIPS)","PAGE:inflation","2026-09-10","2.29","2.2","8.999999999999986","14.000000000000012","12.99999999999999","82.0","100.0","2.29","1.11","1.0","5927","bp","1.8","1.96","1.96","2.01","2.03","1.98","1.92","1.91","1.9","1.93","1.98","1.99","1.94","1.99","2.0","1.99","2.02","2.06","2.03","2.01","2.04","2.01","2.05","2.09","2.11","2.17","2.19","2.22","2.19","2.13","2.14","2.19","2.17","2.14","2.15","2.17","2.13","2.16","2.16","2.14","2.11","2.12","2.13","2.1","2.07","2.05","2.09","2.09","2.04","2.06","2.07","2.18","2.18","2.18","2.19","2.15","2.17","2.17","2.2","2.29","","","","","","","2.16","1.18","","1.0","LATE"
"DFII7","7y real (TIPS)","PAGE:inflation","2026-09-16","2.59","2.51","8.000000000000007","27.0","31.999999999999986","89.99999999999999","100.0","2.59","1.41","1.0","5931","bp","2.15","2.09","2.05","2.03","2.02","2.06","2.11","2.11","2.08","2.14","2.14","2.14","2.16","2.2","2.17","2.15","2.18","2.15","2.19","2.22","2.24","2.29","2.29","2.32","2.29","2.25","2.26","2.32","2.29","2.26","2.27","2.29","2.25","2.28","2.28","2.26","2.23","2.25","2.27","2.24","2.19","2.18","2.23","2.22","2.16","2.18","2.19","2.29","2.29","2.3","2.31","2.27","2.29","2.29","2.32","2.41","2.48","2.49","2.51","2.59","","","","","","","2.27","1.41","","1.0","FRESH"
"DFII20","20y real (TIPS)","PAGE:inflation","2026-09-16","2.93","2.9","3.000000000000025","14.000000000000012","9.00000000000003","54.0","100.0","2.93","2.11","1.0","5540","bp","2.59","2.53","2.51","2.5","2.49","2.54","2.58","2.6","2.59","2.65","2.66","2.66","2.66","2.69","2.67","2.68","2.71","2.67","2.7","2.71","2.73","2.76","2.75","2.76","2.72","2.76","2.77","2.82","2.78","2.75","2.75","2.78","2.75","2.79","2.79","2.78","2.76","2.78","2.84","2.81","2.72","2.73","2.78","2.75","2.7","2.71","2.71","2.76","2.78","2.78","2.78","2.76","2.77","2.77","2.79","2.87","2.89","2.89","2.9","2.93","","","","","","","2.84","2.15","","1.0","FRESH"
"DFII30","30y real (TIPS)","PAGE:inflation","2026-09-16","3.09","3.07","2.0000000000000018","10.999999999999988","2.9999999999999805","46.99999999999997","100.0","3.09","2.33","1.0","4146","bp","2.76","2.71","2.69","2.69","2.68","2.73","2.78","2.79","2.79","2.84","2.86","2.86","2.86","2.89","2.87","2.88","2.91","2.87","2.91","2.91","2.93","2.95","2.95","2.95","2.92","2.98","2.98","3.03","2.99","2.96","2.96","2.98","2.96","3.0","3.0","2.99","2.97","3.0","3.06","3.03","2.94","2.95","3.0","2.97","2.92","2.92","2.92","2.96","2.99","2.98","2.98","2.96","2.96","2.96","2.98","3.05","3.07","3.05","3.07","3.09","","","","","","","3.06","2.4","","1.0","FRESH"
"T5YIE","5y breakeven","PAGE:inflation","2026-09-17","2.32","2.35","-3.000000000000025","-14.000000000000012","4.999999999999982","6.000000000000005","34.66135458167331","2.72","2.16","0.28571428571428514","5932","bp","2.19","2.23","2.21","2.24","2.26","2.26","2.24","2.27","2.28","2.31","2.28","2.28","2.31","2.28","2.25","2.24","2.27","2.28","2.28","2.3","2.29","2.24","2.18","2.16","2.24","2.24","2.26","2.23","2.19","2.18","2.23","2.22","2.25","2.23","2.24","2.21","2.24","2.25","2.27","2.28","2.34","2.34","2.32","2.31","2.31","2.31","2.3","2.31","2.37","2.35","2.37","2.37","2.4","2.41","2.46","2.4","2.4","2.41","2.35","2.32","","","","","","","2.27","2.43","","1.0","FRESH"
"BE_5Y","5y BE (calc)","PAGE:inflation","2026-09-10","2.46","2.41","4.999999999999982","9.00000000000003","23.000000000000043","20.000000000000018","68.52589641434263","2.7199999999999998","2.1599999999999997","0.5357142857142861","5927","bp","2.3600000000000003","2.3099999999999996","2.2700000000000005","2.2800000000000002","2.2399999999999998","2.19","2.2300000000000004","2.21","2.2399999999999998","2.2600000000000007","2.2600000000000002","2.24","2.27","2.2799999999999994","2.3099999999999996","2.2799999999999994","2.28","2.31","2.28","2.25","2.24","2.2700000000000005","2.2800000000000002","2.2800000000000002","2.3000000000000003","2.29","2.2399999999999998","2.18","2.1599999999999997","2.24","2.2399999999999998","2.2600000000000002","2.2300000000000004","2.19","2.18","2.2300000000000004","2.2199999999999998","2.25","2.2299999999999995","2.2399999999999998","2.2100000000000004","2.24","2.25","2.27","2.28","2.34","2.34","2.3200000000000003","2.3099999999999996","2.31","2.31","2.3000000000000003","2.31","2.3699999999999997","2.35","2.3699999999999997","2.37","2.4000000000000004","2.41","2.46","","","","","","","2.2299999999999995","2.41","","1.0","LATE"
"BE_10Y_CALC","10y BE (calc)","PAGE:inflation","2026-09-10","2.4000000000000004","2.37","3.000000000000025","5.000000000000071","13.000000000000034","15.000000000000036","92.03187250996015","2.5","2.18","0.687500000000001","5927","bp","2.2899999999999996","2.2600000000000002","2.25","2.23","2.21","2.18","2.2100000000000004","2.1999999999999997","2.2199999999999998","2.24","2.2300000000000004","2.2300000000000004","2.24","2.25","2.2499999999999996","2.23","2.2399999999999998","2.2600000000000002","2.25","2.23","2.22","2.2399999999999998","2.2499999999999996","2.26","2.28","2.28","2.2600000000000002","2.2100000000000004","2.2","2.26","2.2699999999999996","2.28","2.27","2.23","2.2199999999999998","2.2600000000000002","2.2500000000000004","2.2899999999999996","2.27","2.26","2.2399999999999998","2.2699999999999996","2.28","2.3","2.3000000000000003","2.3400000000000003","2.3400000000000003","2.3200000000000003","2.32","2.3200000000000003","2.33","2.3100000000000005","2.31","2.35","2.34","2.3499999999999996","2.35","2.3699999999999997","2.37","2.4000000000000004","","","","","","","2.27","2.35","","1.0","LATE"
"BE_30Y","30y BE (calc)","PAGE:inflation","2026-09-10","2.3200000000000003","2.3000000000000003","2.0000000000000018","3.000000000000025","8.000000000000007","10.000000000000053","99.60159362549801","2.34","2.1500000000000004","0.8947368421052652","4142","bp","2.2299999999999995","2.1999999999999997","2.2","2.2","2.1800000000000006","2.1500000000000004","2.1700000000000004","2.18","2.18","2.18","2.19","2.1900000000000004","2.2","2.21","2.1999999999999997","2.19","2.1999999999999997","2.2099999999999995","2.21","2.2","2.1799999999999997","2.1899999999999995","2.2","2.2199999999999998","2.22","2.2199999999999998","2.21","2.17","2.17","2.22","2.23","2.2399999999999998","2.24","2.2199999999999998","2.21","2.2399999999999998","2.2300000000000004","2.25","2.24","2.25","2.2399999999999998","2.25","2.2499999999999996","2.2500000000000004","2.2500000000000004","2.2800000000000002","2.2699999999999996","2.2600000000000002","2.25","2.26","2.2700000000000005","2.26","2.26","2.2899999999999996","2.2899999999999996","2.29","2.2800000000000002","2.29","2.3000000000000003","2.3200000000000003","","","","","","","2.24","2.2300000000000004","","1.0","LATE"
"US_5Y_30Y","5s30s","PAGE:rates","2026-09-10","0.6200000000000001","0.6699999999999999","-4.999999999999982","-11.000000000000032","-23.000000000000043","-48.99999999999998","0.398406374501992","1.1400000000000001","0.6200000000000001","0.0","12388","bp","0.7699999999999996","0.6600000000000001","0.6699999999999999","0.6600000000000001","0.6700000000000008","0.6900000000000004","0.71","0.75","0.7200000000000006","0.7199999999999998","0.7299999999999995","0.75","0.7800000000000002","0.7800000000000002","0.75","0.7800000000000002","0.7599999999999998","0.7299999999999995","0.7700000000000005","0.8200000000000003","0.8099999999999996","0.7799999999999994","0.7800000000000002","0.7599999999999998","0.7400000000000002","0.71","0.7300000000000004","0.7199999999999998","0.7400000000000002","0.8300000000000001","0.8300000000000001","0.8199999999999994","0.8300000000000001","0.8499999999999996","0.8399999999999999","0.8199999999999994","0.8400000000000007","0.8399999999999999","0.8500000000000005","0.8600000000000003","0.8899999999999997","0.8899999999999997","0.9299999999999997","0.9100000000000001","0.8400000000000007","0.8400000000000007","0.8399999999999999","0.8200000000000003","0.8200000000000003","0.8099999999999996","0.8100000000000005","0.7399999999999993","0.7599999999999998","0.7199999999999998","0.7299999999999995","0.7300000000000004","0.7000000000000002","0.6799999999999997","0.6699999999999999","0.6200000000000001","","","","","","","0.8500000000000005","1.1000000000000005","","1.0","LATE"
"US_10Y_30Y","10s30s","PAGE:rates","2026-09-10","0.41999999999999993","0.4500000000000002","-3.000000000000025","-6.00000000000005","-12.00000000000001","-24.00000000000002","0.398406374501992","0.6800000000000006","0.41999999999999993","0.0","12388","bp","0.5","0.4399999999999995","0.4400000000000004","0.4400000000000004","0.4400000000000004","0.4500000000000002","0.45999999999999996","0.4900000000000002","0.4800000000000004","0.46999999999999975","0.4899999999999993","0.4900000000000002","0.5099999999999998","0.5","0.5","0.5099999999999998","0.5","0.47999999999999954","0.5","0.5300000000000002","0.5199999999999996","0.5099999999999998","0.5100000000000007","0.5","0.4800000000000004","0.45999999999999996","0.46999999999999975","0.46999999999999975","0.47999999999999954","0.5300000000000002","0.5300000000000002","0.5199999999999996","0.5300000000000002","0.5499999999999998","0.54","0.5299999999999994","0.54","0.5300000000000002","0.54","0.5600000000000005","0.5800000000000001","0.5700000000000003","0.5899999999999999","0.5700000000000003","0.54","0.54","0.5299999999999994","0.5300000000000002","0.5300000000000002","0.5199999999999996","0.5200000000000005","0.4899999999999993","0.5","0.47999999999999954","0.47999999999999954","0.4800000000000004","0.45999999999999996","0.4500000000000002","0.4500000000000002","0.41999999999999993","","","","","","","0.54","0.6500000000000004","","1.0","LATE"
"US_2Y_30Y","2s30s","PAGE:rates","2026-09-10","0.8100000000000005","0.8500000000000005","-4.0000000000000036","-9.999999999999964","-20.999999999999996","-55.999999999999915","5.179282868525896","1.4","0.71","0.14492753623188484","12388","bp","0.8799999999999999","0.7299999999999995","0.71","0.71","0.7800000000000002","0.75","0.7700000000000005","0.7999999999999998","0.7600000000000007","0.7700000000000005","0.7999999999999998","0.8400000000000007","0.8600000000000003","0.8599999999999994","0.8499999999999996","0.8899999999999997","0.8499999999999996","0.8399999999999999","0.9000000000000004","0.9500000000000002","0.9299999999999997","0.8799999999999999","0.9000000000000004","0.8700000000000001","0.8400000000000007","0.7999999999999998","0.8300000000000001","0.8100000000000005","0.8300000000000001","0.9800000000000004","0.9799999999999995","0.9899999999999993","0.9800000000000004","0.9799999999999995","0.9900000000000002","0.9699999999999998","1.0","1.0","1.0200000000000005","1.04","1.0599999999999996","1.08","1.1199999999999992","1.0899999999999999","1.0","1.04","1.0299999999999994","0.9900000000000002","1.0","0.9899999999999993","0.9900000000000002","0.8799999999999999","0.9100000000000001","0.8799999999999999","0.8799999999999999","0.9100000000000001","0.8700000000000001","0.8600000000000003","0.8500000000000005","0.8100000000000005","","","","","","","1.0200000000000005","1.1500000000000004","","1.0","LATE"
"US_20Y_30Y","20s30s","PAGE:rates","2026-09-10","-0.019999999999999574","0.0","-1.9999999999999574","-1.9999999999999574","-0.9999999999999787","-6.99999999999994","6.374501992031872","0.07000000000000028","-0.03000000000000025","0.10000000000000622","10699","bp","0.009999999999999787","-0.020000000000000462","-0.009999999999999787","-0.019999999999999574","-0.019999999999999574","-0.009999999999999787","-0.009999999999999787","0.0","0.0","-0.019999999999999574","0.0","-0.009999999999999787","0.0","0.0","-0.010000000000000675","-0.009999999999999787","-0.020000000000000462","-0.010000000000000675","-0.009999999999999787","0.009999999999999787","0.0","-0.010000000000000675","-0.009999999999999787","-0.009999999999999787","-0.019999999999999574","-0.03000000000000025","-0.019999999999999574","-0.03000000000000025","-0.020000000000000462","-0.009999999999999787","-0.009999999999999787","-0.010000000000000675","0.0","0.0","-0.009999999999999787","0.0","-0.009999999999999787","0.0","-0.009999999999999787","0.0","0.009999999999999787","0.0","0.009999999999999787","0.0","0.020000000000000462","0.03000000000000025","0.019999999999999574","0.020000000000000462","0.009999999999999787","0.009999999999999787","0.010000000000000675","0.009999999999999787","0.009999999999999787","0.0","0.0","0.0","-0.009999999999999787","-0.009999999999999787","0.0","-0.019999999999999574","","","","","","","-0.009999999999999787","0.040000000000000036","","1.0","LATE"
"DFEDTARL","Target range lower","PAGE:policy","2026-09-13","3.5","3.5","0.0","0.0","0.0","0.0","75.68306010928961","4.25","3.5","0.0","6481","bp","3.5","3.5","3.5","3.5","3.5","3.5","3.5","3.5","3.5","3.5","3.5","3.5","3.5","3.5","3.5","3.5","3.5","3.5","3.5","3.5","3.5","3.5","3.5","3.5","3.5","3.5","3.5","3.5","3.5","3.5","3.5","3.5","3.5","3.5","3.5","3.5","3.5","3.5","3.5","3.5","3.5","3.5","3.5","3.5","3.5","3.5","3.5","3.5","3.5","3.5","3.5","3.5","3.5","3.5","3.5","3.5","3.5","3.5","3.5","3.5","","","","","","","3.5","4.25","","1.0","BEHIND"
"POLICY_PROXY_6M","Policy proxy 6m − funds","PAGE:policy","2026-09-10","0.4400000000000004","0.3799999999999999","6.00000000000005","12.00000000000001","8.000000000000007","49.000000000000064","98.80478087649402","0.46999999999999975","-0.5300000000000002","0.9700000000000006","11256","bp","0.18000000000000016","0.28000000000000025","0.29000000000000004","0.3500000000000001","0.33000000000000007","0.3200000000000003","0.3200000000000003","0.31000000000000005","0.3700000000000001","0.3799999999999999","0.3700000000000001","0.3500000000000001","0.3500000000000001","0.3600000000000003","0.3700000000000001","0.33999999999999986","0.3700000000000001","0.41000000000000014","0.3200000000000003","0.30000000000000027","0.31000000000000005","0.33000000000000007","0.3700000000000001","0.3899999999999997","0.41999999999999993","0.45999999999999996","0.4500000000000002","0.46999999999999975","0.4400000000000004","0.3400000000000003","0.3500000000000001","0.3500000000000001","0.3899999999999997","0.3700000000000001","0.3500000000000001","0.3600000000000003","0.33000000000000007","0.3700000000000001","0.3600000000000003","0.3400000000000003","0.31000000000000005","0.3200000000000003","0.3200000000000003","0.31000000000000005","0.31000000000000005","0.31000000000000005","0.3200000000000003","0.33000000000000007","0.3200000000000003","0.31000000000000005","0.31000000000000005","0.3899999999999997","0.3600000000000003","0.3700000000000001","0.3700000000000001","0.3200000000000003","0.3500000000000001","0.3700000000000001","0.3799999999999999","0.4400000000000004","","","","","","","0.3600000000000003","-0.5","","1.0","LATE"
"POLICY_PROXY_1Y","Policy proxy 1y − funds","PAGE:policy","2026-09-10","0.6500000000000004","0.54","11.000000000000032","16.999999999999993","25.0","81.00000000000006","100.0","0.6500000000000004","-0.73","1.0","16158","bp","0.20999999999999996","0.3500000000000001","0.3700000000000001","0.41000000000000014","0.3799999999999999","0.3600000000000003","0.33000000000000007","0.31000000000000005","0.3400000000000003","0.3500000000000001","0.3700000000000001","0.33000000000000007","0.3200000000000003","0.4299999999999997","0.4399999999999995","0.39999999999999947","0.4399999999999995","0.5","0.3899999999999997","0.3400000000000003","0.3600000000000003","0.3799999999999999","0.40000000000000036","0.4500000000000002","0.4800000000000004","0.5200000000000005","0.5099999999999998","0.5099999999999998","0.45999999999999996","0.41000000000000014","0.41000000000000014","0.4500000000000002","0.4400000000000004","0.41000000000000014","0.40000000000000036","0.4299999999999997","0.3799999999999999","0.41000000000000014","0.40000000000000036","0.3700000000000001","0.3400000000000003","0.3500000000000001","0.3700000000000001","0.3600000000000003","0.3700000000000001","0.3600000000000003","0.40000000000000036","0.41000000000000014","0.3799999999999999","0.3899999999999997","0.41000000000000014","0.5200000000000005","0.5300000000000002","0.5499999999999998","0.5300000000000002","0.4800000000000004","0.5","0.5200000000000005","0.54","0.6500000000000004","","","","","","","0.40000000000000036","-0.6699999999999999","","1.0","LATE"
"BAMLC0A1CAAA","AAA OAS","PAGE:credit","2026-09-17","0.39","0.4","-1.0000000000000009","-2.9999999999999973","-2.9999999999999973","4.999999999999999","76.13636363636364","0.46","0.29","0.5882352941176471","787","bp","0.39","0.38","0.38","0.37","0.37","0.37","0.37","0.39","0.38","0.39","0.4","0.41","0.42","0.41","0.4","0.41","0.41","0.41","0.41","0.43","0.45","0.46","0.46","0.46","0.43","0.41","0.39","0.39","0.38","0.39","0.39","0.4","0.41","0.4","0.41","0.41","0.42","0.42","0.42","0.42","0.43","0.42","0.42","0.42","0.42","0.41","0.42","0.42","0.43","0.44","0.43","0.43","0.43","0.42","0.42","0.42","0.43","0.42","0.4","0.39","","","","","","","0.42","0.31","71.7","1.0","FRESH"
"BAMLC0A2CAA","AA OAS","PAGE:credit","2026-09-17","0.57","0.57","0.0","-2.0000000000000018","-3.0000000000000027","7.9999999999999964","85.60606060606061","0.61","0.41","0.7999999999999998","787","bp","0.53","0.52","0.52","0.52","0.51","0.51","0.51","0.53","0.53","0.54","0.55","0.56","0.56","0.56","0.55","0.56","0.55","0.56","0.56","0.57","0.59","0.6","0.61","0.6","0.59","0.58","0.57","0.56","0.56","0.57","0.57","0.58","0.59","0.58","0.58","0.59","0.59","0.6","0.6","0.61","0.6","0.61","0.6","0.59","0.59","0.58","0.59","0.6","0.61","0.61","0.61","0.61","0.61","0.6","0.59","0.59","0.6","0.59","0.57","0.57","","","","","","","0.6","0.43","83.7","1.0","FRESH"
"BAMLC0A3CA","A OAS","PAGE:credit","2026-09-17","0.66","0.66","0.0","-2.0000000000000018","-2.9999999999999916","1.0000000000000009","64.39393939393939","0.79","0.59","0.3500000000000002","787","bp","0.64","0.64","0.63","0.63","0.63","0.63","0.62","0.63","0.63","0.63","0.64","0.65","0.67","0.66","0.65","0.66","0.66","0.66","0.65","0.66","0.67","0.67","0.68","0.68","0.67","0.66","0.65","0.65","0.64","0.65","0.65","0.65","0.66","0.66","0.66","0.67","0.68","0.69","0.68","0.69","0.68","0.68","0.68","0.67","0.67","0.66","0.67","0.68","0.69","0.69","0.69","0.69","0.69","0.68","0.68","0.68","0.68","0.68","0.66","0.66","","","","","","","0.69","0.63","28.0","1.0","FRESH"
"BAMLC0A4CBBB","BBB OAS","PAGE:credit","2026-09-17","0.95","0.96","-1.0000000000000009","-3.0000000000000027","-5.000000000000004","-6.000000000000005","24.62121212121212","1.16","0.92","0.12499999999999971","787","bp","0.96","0.95","0.95","0.94","0.94","0.94","0.94","0.94","0.94","0.94","0.96","0.96","0.97","0.97","0.96","0.97","0.97","0.97","0.96","0.98","0.99","1.0","1.0","1.0","0.99","0.99","0.97","0.97","0.96","0.97","0.97","0.97","0.98","0.98","0.98","0.98","0.99","1.0","1.0","1.0","1.0","1.0","1.0","0.99","0.98","0.97","0.98","0.99","0.99","1.0","0.99","0.99","0.99","0.99","0.98","0.97","0.98","0.98","0.96","0.95","","","","","","","1.0","0.96","8.4","1.0","FRESH"
"BAMLC1A0C13Y","IG 1-3y OAS","PAGE:credit","2026-09-17","0.47","0.49","-2.0000000000000018","-2.0000000000000018","-2.0000000000000018","-6.000000000000005","18.939393939393938","0.67","0.44","0.1304347826086955","787","bp","0.47","0.46","0.46","0.47","0.46","0.46","0.45","0.46","0.47","0.46","0.48","0.48","0.5","0.49","0.49","0.49","0.48","0.48","0.48","0.48","0.49","0.49","0.48","0.48","0.49","0.48","0.47","0.46","0.46","0.46","0.46","0.46","0.47","0.47","0.47","0.48","0.49","0.49","0.48","0.49","0.49","0.48","0.48","0.48","0.47","0.48","0.47","0.48","0.49","0.49","0.49","0.49","0.49","0.49","0.49","0.49","0.5","0.5","0.49","0.47","","","","","","","0.49","0.49","7.2","1.0","FRESH"
"BAMLH0A1HYBB","BB OAS","PAGE:credit","2026-09-17","1.56","1.55","1.0000000000000009","1.0000000000000009","-6.999999999999984","-12.99999999999999","6.4393939393939394","2.22","1.5","0.08333333333333338","787","bp","1.73","1.69","1.64","1.63","1.64","1.64","1.62","1.57","1.6","1.59","1.59","1.58","1.61","1.62","1.61","1.63","1.6","1.58","1.57","1.66","1.68","1.7","1.73","1.76","1.74","1.73","1.67","1.63","1.65","1.61","1.6","1.59","1.6","1.6","1.6","1.57","1.59","1.63","1.61","1.63","1.58","1.57","1.58","1.56","1.53","1.5","1.52","1.52","1.53","1.52","1.55","1.55","1.55","1.58","1.55","1.5","1.56","1.61","1.55","1.56","","","","","","","1.63","1.74","2.3","1.0","FRESH"
"BAMLH0A2HYB","B OAS","PAGE:credit","2026-09-17","2.77","2.78","-0.9999999999999787","-2.9999999999999805","-16.999999999999993","-23.99999999999998","4.545454545454546","3.77","2.72","0.04761904761904746","787","bp","3.04","3.0","2.99","2.97","2.96","2.96","2.92","2.87","2.9","2.89","2.87","2.87","2.92","2.9","2.9","2.91","2.86","2.86","2.85","2.94","2.96","2.97","2.98","3.03","2.99","3.04","2.95","2.88","2.9","2.87","2.88","2.88","2.9","2.88","2.88","2.85","2.88","2.94","2.91","2.94","2.88","2.85","2.84","2.82","2.76","2.72","2.72","2.75","2.76","2.76","2.77","2.77","2.76","2.8","2.8","2.73","2.79","2.85","2.78","2.77","","","","","","","2.94","2.88","9.1","1.0","FRESH"
"BAMLH0A3HYC","CCC & lower OAS","PAGE:credit","2026-09-17","10.76","10.76","0.0","6.00000000000005","49.00000000000002","191.0","99.24242424242425","10.85","7.9","0.9694915254237289","787","bp","9.73","9.67","9.7","9.68","9.71","9.69","9.67","9.64","9.75","9.74","9.7","9.72","9.73","9.69","9.7","9.75","9.77","9.78","9.81","9.91","9.96","10.01","10.05","10.13","10.06","10.34","10.28","10.19","10.23","10.17","10.13","10.14","10.23","10.2","10.24","10.12","10.18","10.27","10.3","10.35","10.37","10.36","10.39","10.31","10.31","10.26","10.42","10.49","10.53","10.51","10.54","10.55","10.56","10.64","10.7","10.76","10.81","10.85","10.76","10.76","","","","","","","10.27","8.08","99.1","1.0","FRESH"
"BAMLHE00EHYIOAS","Euro HY OAS","PAGE:credit","2026-09-17","2.69","2.74","-5.000000000000027","0.9999999999999787","14.000000000000012","-1.000000000000023","50.378787878787875","3.37","2.48","0.23595505617977522","787","bp","2.67","2.65","2.7","2.71","2.71","2.66","2.62","2.58","2.56","2.56","2.55","2.52","2.51","2.51","2.49","2.52","2.52","2.5","2.48","2.5","2.56","2.58","2.61","2.64","2.65","2.65","2.67","2.67","2.65","2.63","2.61","2.56","2.57","2.57","2.57","2.54","2.53","2.55","2.55","2.56","2.56","2.54","2.57","2.58","2.56","2.55","2.59","2.6","2.62","2.65","2.66","2.63","2.65","2.66","2.68","2.68","2.69","2.75","2.74","2.69","","","","","","","2.55","2.8","17.7","1.0","FRESH"
"BAMLEMCBPIOAS","EM corp OAS","PAGE:credit","2026-09-17","1.37","1.34","3.0000000000000027","6.000000000000005","-2.9999999999999805","-18.999999999999993","5.681818181818182","1.82","1.31","0.11764705882352951","787","bp","1.49","1.5","1.46","1.46","1.47","1.47","1.47","1.43","1.44","1.45","1.44","1.41","1.45","1.48","1.47","1.48","1.46","1.44","1.43","1.45","1.47","1.47","1.49","1.48","1.5","1.44","1.43","1.44","1.43","1.39","1.4","1.36","1.38","1.38","1.39","1.37","1.38","1.4","1.41","1.41","1.39","1.4","1.42","1.4","1.39","1.36","1.37","1.36","1.38","1.38","1.36","1.36","1.35","1.35","1.31","1.32","1.35","1.37","1.34","1.37","","","","","","","1.4","1.47","1.9","1.0","FRESH"
"BAMLH0A0HYM2EY","HY effective yield","PAGE:credit","2026-09-17","7.46","7.53","-7.000000000000028","4.0000000000000036","37.000000000000014","92.99999999999997","98.48484848484848","7.55","6.39","0.9224137931034484","787","bp","6.96","6.92","6.99","7.0","6.98","6.97","6.93","6.95","7.02","6.98","6.99","7.05","7.01","6.96","6.96","6.97","6.98","7.02","7.06","7.19","7.19","7.17","7.15","7.21","7.16","7.28","7.18","7.07","7.08","7.1","7.05","7.1","7.11","7.08","7.02","7.0","7.05","7.09","7.04","7.09","7.08","7.05","6.99","7.0","6.96","7.02","7.12","7.18","7.18","7.15","7.2","7.2","7.22","7.29","7.42","7.41","7.48","7.55","7.53","7.46","","","","","","","7.09","6.44","","1.0","FRESH"
"BAMLC0A0CMEY","IG effective yield","PAGE:credit","2026-09-17","5.66","5.74","-8.000000000000007","-1.9999999999999574","24.00000000000002","82.00000000000003","98.10606060606061","5.74","4.67","0.9252336448598131","786","bp","5.12","5.11","5.19","5.22","5.2","5.2","5.18","5.26","5.29","5.27","5.29","5.35","5.32","5.28","5.28","5.28","5.32","5.36","5.39","5.43","5.43","5.41","5.37","5.41","5.39","5.45","5.41","5.35","5.33","5.39","5.36","5.42","5.41","5.4","5.35","5.39","5.42","5.42","5.36","5.41","5.43","5.42","5.35","5.37","5.38","5.44","5.48","5.53","5.52","5.51","5.52","5.52","5.53","5.57","5.68","5.71","5.72","5.73","5.74","5.66","","","","","","","5.42","4.73","","1.0","FRESH"
"G10Y_US","US 10y (OECD)","PAGE:global","2026-08-01","4.68","4.6","8.000000000000007","","8.000000000000007","54.0","100.0","4.68","4.06","1.0","881","bp","1.37","1.58","1.56","1.47","1.76","1.93","2.13","2.75","2.9","3.14","2.9","2.9","3.52","3.98","3.89","3.62","3.53","3.75","3.66","3.46","3.57","3.75","3.9","4.17","4.38","4.8","4.5","4.02","4.06","4.21","4.21","4.54","4.48","4.31","4.25","3.87","3.72","4.1","4.36","4.39","4.63","4.45","4.28","4.28","4.42","4.38","4.39","4.26","4.12","4.06","4.09","4.14","4.21","4.13","4.25","4.32","4.48","4.47","4.6","4.68","","","","","","","4.6","4.26","","31.0","MONTHLY"
"G10Y_DE","Germany 10y","PAGE:global","2026-08-01","3.18","3.0704347826087","10.956521739129998","","10.956521739129998","36.57894737","100.0","3.18","2.617826087","1.0","844","bp","-0.362727272727273","-0.204285714285714","-0.313636363636364","-0.384285714285714","-0.114761904761905","0.15","0.281739130434783","0.746315789473684","0.952727272727273","1.445","1.08190476190476","1.03434782608696","1.79545454545455","2.18666666666667","2.06636363636364","2.0852380952381","2.19272727272727","2.3705","2.38347826086957","2.35944444444444","2.34227272727273","2.37636363636364","2.45666666666667","2.54565217391304","2.66142857142857","2.82318181818182","2.60136363636364","2.10210526315789","2.17454545454545","2.3319047619","2.3495","2.4457142857","2.5195454545","2.4845","2.4582608696","2.2077272727","2.1671428571","2.2295652174","2.3057142857","2.1788888889","2.4836363636","2.4055","2.7414285714","2.5105","2.5628571429","2.519047619","2.6313043478","2.6733333333","2.6931818182","2.617826087","2.6575","2.8142105263","2.8066666667","2.745","2.91","3.001","3.0465","2.96409090909091","3.0704347826087","3.18","","","","","","","3.0704347826087","2.6733333333","","31.0","MONTHLY"
"G10Y_GB","UK 10y","PAGE:global","2026-08-01","4.9886","4.9318","5.679999999999996","","5.679999999999996","50.60000000000002","100.0","4.9886","4.4324","1.0","800","bp","0.8023","1.083","0.9394","0.8375","1.2051","1.4891","1.5457","1.8362","1.9069","2.3824","2.1454","2.3278","3.5007","4.1096","3.4171","3.5015","3.5115","3.5553","3.5638","3.6503","3.9621","4.3659","4.4372","4.5298","4.4199","4.5695","4.2721","3.8622","3.9319","4.123","4.033","4.2172","4.2229","4.1644","4.1386","3.9444","3.9053","4.1993","4.4164","4.4345","4.6627","4.5063","4.6448","4.5762","4.6004","4.5248","4.5924","4.6369","4.6885","4.5721","4.4985","4.4826","4.451","4.4324","4.7007","4.8207","4.9416","4.796","4.9318","4.9886","","","","","","","4.9318","4.6369","","31.0","MONTHLY"
"G10Y_JP","Japan 10y","PAGE:global","2026-08-01","2.94","2.79","14.999999999999991","","14.999999999999991","87.99999999999999","100.0","2.94","1.6","1.0","452","bp","0.065","0.095","0.05","0.07","0.17","0.18","0.21","0.215","0.235","0.225","0.18","0.22","0.24","0.245","0.25","0.41","0.49","0.5","0.32","0.385","0.43","0.395","0.595","0.64","0.765","0.95","0.66","0.62","0.73","0.71","0.725","0.87","1.07","1.05","1.045","0.89","0.855","0.935","1.05","1.09","1.245","1.37","1.485","1.31","1.5","1.42","1.545","1.6","1.645","1.655","1.805","2.06","2.24","2.11","2.345","2.515","2.65","2.67","2.79","2.94","","","","","","","2.79","1.6","","31.0","MONTHLY"
"G10Y_AU","Australia 10y","PAGE:global","2026-08-01","5.015","4.919","9.600000000000009","","9.600000000000009","29.599999999999937","100.0","5.015","4.234","1.0","686","bp","1.282","1.71","1.806","1.609","1.888","2.111","2.5","3.008","3.381","3.767","3.429","3.361","3.747","3.919","3.696","3.551","3.604","3.702","3.468","3.343","3.5","3.916","4.036","4.128","4.211","4.633","4.578","4.187","4.148","4.141","4.045","4.268","4.325","4.242","4.326","3.976","3.922","4.267","4.544","4.313","4.481","4.423","4.421","4.267","4.35","4.208","4.291","4.275","4.298","4.234","4.416","4.719","4.75","4.758","4.926","4.969","4.982","4.831","4.919","5.015","","","","","","","4.919","4.275","","31.0","MONTHLY"
"G10Y_CA","Canada 10y","PAGE:global","2026-08-01","3.675","3.54727272727273","12.77272727272698","","12.77272727272698","28.738095238094985","100.0","3.675","3.12818181818182","1.0","860","bp","1.263","1.597","1.68571428571429","1.45","1.759","1.87947368421053","2.13217391304348","2.704","2.91857142857143","3.31545454545455","3.04315789473684","2.85909090909091","3.14789473684211","3.38052631578947","3.16619047619048","2.9415","2.93761904761905","3.17421052631579","2.99347826086957","2.91611111111111","3.04545454545455","3.33818181818182","3.452","3.65409090909091","3.816","4.062","3.71095238095238","3.23421052631579","3.34636363636364","3.504","3.444","3.69590909090909","3.64181818181818","3.3915","3.40772727272727","3.0715","2.94444444444444","3.18636363636364","3.2785","3.1615","3.28863636363636","3.05631578947368","3.01047619047619","3.10857142857143","3.22142857142857","3.314","3.48045454545455","3.4225","3.2245","3.12818181818182","3.17421052631579","3.38761904761905","3.40238095238095","3.28842105263158","3.44090909090909","3.51833333333333","3.5415","3.38833333333333","3.54727272727273","3.675","","","","","","","3.54727272727273","3.4225","","31.0","MONTHLY"
"G10Y_IT","Italy 10y","PAGE:global","2026-08-01","3.98598","3.88074","10.524000000000022","","10.524000000000022","43.44200000000002","100.0","3.98598","3.388","1.0","426","bp","0.77658","0.95487","1.00969","1.04735","1.34641","1.79367","1.85382","2.4356","2.98982","3.6347","3.35879","3.29713","4.13844","4.53227","4.24251","4.25657","4.24279","4.27004","4.24","4.23356","4.31267","4.07441","4.15721","4.22104","4.51295","4.88505","4.42761","3.82082","3.81113","3.87207","3.69579","3.85564","3.84382","3.94189","3.83015","3.68199","3.56547","3.50106","3.56886","3.32087","3.67594","3.57541","3.88713","3.71151","3.62922","3.50068","3.53735","3.53833","3.55866","3.44212","3.45927","3.55156","3.49242","3.388","3.73337","3.8182","3.83912","3.73443","3.88074","3.98598","","","","","","","3.88074","3.53833","","31.0","MONTHLY"
"G10Y_FR","France 10y","PAGE:global","2026-08-01","4.0","3.85","14.999999999999991","","14.999999999999991","43.99999999999999","100.0","4.0","3.4","1.0","800","bp","0.04","0.2","0.1","0.05","0.31","0.68","0.78","1.28","1.52","2.06","1.71","1.69","2.41","2.77","2.58","2.62","2.69","2.87","2.92","2.9","2.94","2.93","3.04","3.11","3.24","3.45","3.19","2.65","2.74","2.85","2.82","2.97","3.03","3.15","3.14","2.94","2.9","2.99","3.09","3.01","3.32","3.15","3.43","3.26","3.26","3.24","3.36","3.42","3.51","3.44","3.44","3.56","3.53","3.4","3.64","3.73","3.74","3.68","3.85","4.0","","","","","","","3.85","3.42","","31.0","MONTHLY"
"G10Y_CH","Switzerland 10y","PAGE:global","2026-08-01","0.47","0.48","-1.0000000000000009","","-1.0000000000000009","13.999999999999996","92.3076923076923","0.48","0.18","0.9666666666666667","860","bp","-0.166","-0.046","-0.234","-0.127","0.045","0.263","0.677","0.824","0.779","1.149","0.52","0.786","1.163","1.12","1.055","1.565","1.257","1.446","1.227","1.08","0.848","0.966","0.979","0.952","1.087","1.046","0.822","0.656","0.83","0.828","0.639","0.693","0.915","0.559","0.45","0.451","0.41","0.451","0.289","0.317","0.383","0.396","0.514","0.326","0.259","0.41","0.378","0.32","0.2","0.18","0.19","0.33","0.27","0.25","0.4","0.45","0.44","0.31","0.48","0.47","","","","","","","0.48","0.32","","31.0","MONTHLY"
"G10Y_ZA","South Africa 10y","PAGE:global","2026-08-01","8.75","8.71521739130435","3.4782608695650197","","3.4782608695650197","-4.400000000000048","38.46153846153847","10.1452380952","8.257","0.2610899553680397","836","bp","9.6242857143","10.0647619048","10.02","9.9004761905","9.83","9.6515","10.0963636364","10.1116666667","10.3228571429","10.9352380952","11.4233333333","10.9240909091","11.2490909091","11.6304761905","11.2795454545","11.3836842105","10.9728571429","11.046","11.1940909091","11.2588235294","11.9409090909","11.9395238095","11.7242857143","11.7159090909","12.0645","12.3590909091","11.7854545455","11.4855555556","11.4204545455","11.6095238095","11.9026315789","12.2747619048","12.0419047619","11.6789473684","11.0217391304","10.7","10.301","10.4643478261","10.3680952381","10.2521052632","10.4195454545","10.497","10.998","11.3847368421","11.0652380952","10.5795","10.3960869565","10.1452380952","9.8719047619","9.5343478261","9.1245","8.794","8.6180952381","8.257","9.0540909091","8.9184210526","8.995","8.70285714285714","8.71521739130435","8.75","","","","","","","8.71521739130435","10.1452380952","","31.0","MONTHLY"
"G10Y_DE_US","Bund − UST","PAGE:global","2026-08-01","-1.4999999999999996","-1.5295652173912995","2.9565217391299914","","2.9565217391299914","-17.42105263","30.76923076923077","-1.3190000000000004","-1.5866666666999998","0.32378580332207063","844","bp","-1.7327272727272731","-1.784285714285714","-1.873636363636364","-1.854285714285714","-1.874761904761905","-1.78","-1.848260869565217","-2.003684210526316","-1.9472727272727268","-1.695","-1.81809523809524","-1.8656521739130398","-1.72454545454545","-1.79333333333333","-1.8236363636363602","-1.5347619047619","-1.3372727272727296","-1.3795000000000002","-1.27652173913043","-1.1005555555555602","-1.22772727272727","-1.37363636363636","-1.4433333333333298","-1.62434782608696","-1.7185714285714297","-1.9768181818181798","-1.89863636363636","-1.9178947368421095","-1.8854545454545497","-1.8780952380999998","-1.8605","-2.0942857143","-1.9604545455000006","-1.8254999999999995","-1.7917391303999999","-1.6622727273","-1.5528571429000002","-1.8704347825999998","-2.0542857143","-2.2111111110999997","-2.1463636364","-2.0445","-1.5385714286","-1.7695000000000003","-1.8571428571","-1.8609523809999997","-1.7586956521999997","-1.5866666666999998","-1.4268181818000003","-1.4421739129999995","-1.4324999999999997","-1.3257894736999996","-1.4033333333","-1.3849999999999998","-1.3399999999999999","-1.3190000000000004","-1.4335000000000004","-1.5059090909090895","-1.5295652173912995","-1.4999999999999996","","","","","","","-1.5295652173912995","-1.5866666666999998","","31.0","MONTHLY"
"G10Y_GB_US","Gilt − UST","PAGE:global","2026-08-01","0.3086000000000002","0.3318000000000003","-2.320000000000011","","-2.320000000000011","-3.399999999999981","23.076923076923077","0.5685000000000002","0.24099999999999966","0.20641221374045934","800","bp","-0.5677000000000001","-0.4970000000000001","-0.6206","-0.6325","-0.5549","-0.44089999999999985","-0.5842999999999998","-0.9138","-0.9930999999999999","-0.7576","-0.7545999999999999","-0.5722","-0.019299999999999873","0.12960000000000038","-0.4729000000000001","-0.11850000000000005","-0.01849999999999996","-0.1947000000000001","-0.09620000000000006","0.19030000000000014","0.3921000000000001","0.6158999999999999","0.5371999999999999","0.3597999999999999","0.03990000000000027","-0.23050000000000015","-0.2279","-0.1577999999999995","-0.12809999999999944","-0.08699999999999974","-0.1769999999999996","-0.3228","-0.25710000000000033","-0.14559999999999995","-0.11139999999999972","0.0743999999999998","0.1852999999999998","0.09930000000000039","0.056400000000000006","0.044500000000000206","0.03270000000000017","0.05630000000000024","0.3647999999999998","0.2961999999999998","0.18039999999999967","0.14480000000000004","0.2023999999999999","0.3769","0.5685000000000002","0.5121000000000002","0.4085000000000001","0.3426","0.24099999999999966","0.30240000000000045","0.4507000000000003","0.5007000000000001","0.4615999999999998","0.3260000000000005","0.3318000000000003","0.3086000000000002","","","","","","","0.3318000000000003","0.3769","","31.0","MONTHLY"
"G10Y_JP_US","JGB − UST","PAGE:global","2026-08-01","-1.7399999999999998","-1.8099999999999996","6.999999999999984","","6.999999999999984","33.999999999999986","100.0","-1.7399999999999998","-2.6599999999999997","1.0","452","bp","-1.3050000000000002","-1.485","-1.51","-1.4","-1.59","-1.75","-1.92","-2.535","-2.665","-2.915","-2.7199999999999998","-2.6799999999999997","-3.2800000000000002","-3.735","-3.64","-3.21","-3.04","-3.25","-3.3400000000000003","-3.075","-3.1399999999999997","-3.355","-3.3049999999999997","-3.53","-3.6149999999999998","-3.8499999999999996","-3.84","-3.3999999999999995","-3.3299999999999996","-3.5","-3.485","-3.67","-3.41","-3.26","-3.205","-2.98","-2.865","-3.1649999999999996","-3.3100000000000005","-3.3","-3.385","-3.08","-2.795","-2.97","-2.92","-2.96","-2.8449999999999998","-2.6599999999999997","-2.475","-2.4049999999999994","-2.285","-2.0799999999999996","-1.9699999999999998","-2.02","-1.9049999999999998","-1.8050000000000002","-1.8300000000000005","-1.7999999999999998","-1.8099999999999996","-1.7399999999999998","","","","","","","-1.8099999999999996","-2.6599999999999997","","31.0","MONTHLY"
"G10Y_AU_US","ACGB − UST","PAGE:global","2026-08-01","0.33499999999999996","0.31899999999999995","1.6000000000000014","","1.6000000000000014","-24.400000000000066","46.15384615384615","0.6760000000000002","0.015000000000000568","0.48411497730710984","686","bp","-0.08800000000000008","0.1299999999999999","0.246","0.139","0.1279999999999999","0.18100000000000027","0.3700000000000001","0.258","0.48099999999999987","0.6269999999999998","0.5289999999999999","0.4610000000000003","0.22699999999999987","-0.06099999999999994","-0.19399999999999995","-0.06899999999999995","0.07400000000000029","-0.04800000000000004","-0.19200000000000017","-0.11699999999999999","-0.06999999999999984","0.16599999999999993","0.13599999999999968","-0.041999999999999815","-0.1689999999999996","-0.16699999999999982","0.07800000000000029","0.1670000000000007","0.08800000000000008","-0.06899999999999995","-0.16500000000000004","-0.27200000000000024","-0.15500000000000025","-0.06799999999999962","0.07599999999999962","0.10599999999999987","0.20199999999999996","0.1670000000000007","0.18399999999999928","-0.07699999999999996","-0.14900000000000002","-0.027000000000000135","0.14100000000000001","-0.0129999999999999","-0.07000000000000028","-0.1719999999999997","-0.09899999999999931","0.015000000000000568","0.17799999999999994","0.17400000000000038","0.3260000000000005","0.5790000000000006","0.54","0.6280000000000001","0.6760000000000002","0.649","0.5019999999999998","0.36100000000000065","0.31899999999999995","0.33499999999999996","","","","","","","0.31899999999999995","0.015000000000000568","","31.0","MONTHLY"
"G10Y_CA_US","Canada − UST","PAGE:global","2026-08-01","-1.005","-1.0527272727272696","4.772727272726973","","4.772727272726973","-25.26190476190502","23.076923076923077","-0.7523809523809497","-1.0816666666666697","0.23282718727404736","860","bp","-0.1070000000000002","0.016999999999999904","0.1257142857142899","-0.020000000000000018","-0.001000000000000112","-0.05052631578946998","0.0021739130434799137","-0.04599999999999982","0.018571428571430015","0.17545454545454975","0.14315789473684015","-0.04090909090909012","-0.37210526315789005","-0.5994736842105302","-0.7238095238095199","-0.6785000000000001","-0.59238095238095","-0.57578947368421","-0.6665217391304301","-0.54388888888889","-0.52454545454545","-0.41181818181817986","-0.44799999999999995","-0.5159090909090898","-0.5640000000000001","-0.7379999999999995","-0.7890476190476199","-0.7857894736842095","-0.7136363636363594","-0.706","-0.766","-0.8440909090909101","-0.8381818181818206","-0.9184999999999994","-0.84227272727273","-0.7985000000000002","-0.77555555555556","-0.9136363636363596","-1.0815000000000001","-1.2284999999999995","-1.3413636363636399","-1.3936842105263203","-1.2695238095238102","-1.1714285714285704","-1.1985714285714297","-1.0659999999999998","-0.9095454545454498","-0.8374999999999999","-0.8955000000000002","-0.9318181818181794","-0.9157894736842098","-0.7523809523809497","-0.8076190476190499","-0.8415789473684199","-0.80909090909091","-0.8016666666666703","-0.9385000000000003","-1.0816666666666697","-1.0527272727272696","-1.005","","","","","","","-1.0527272727272696","-0.8374999999999999","","31.0","MONTHLY"
"G10Y_IT_US","BTP − UST","PAGE:global","2026-08-01","-0.6940199999999996","-0.7192599999999998","2.524000000000015","","2.524000000000015","-10.557999999999979","46.15384615384615","-0.5018000000000002","-0.742","0.19975020815986846","426","bp","-0.5934200000000001","-0.6251300000000001","-0.5503100000000001","-0.42264999999999997","-0.4135899999999999","-0.13632999999999984","-0.27617999999999987","-0.3144","0.08982000000000001","0.4946999999999999","0.45879000000000003","0.3971300000000002","0.6184400000000001","0.5522699999999996","0.3525100000000001","0.6365699999999999","0.7127900000000005","0.5200399999999998","0.5800000000000001","0.7735599999999998","0.7426699999999999","0.3244100000000003","0.25721000000000016","0.05104000000000042","0.13295000000000012","0.08504999999999985","-0.0723900000000004","-0.1991799999999997","-0.2488699999999997","-0.33793000000000006","-0.5142099999999998","-0.6843599999999999","-0.6361800000000004","-0.3681099999999997","-0.41984999999999983","-0.18801000000000023","-0.15453000000000028","-0.5989399999999998","-0.7911400000000004","-1.0691299999999995","-0.9540599999999997","-0.87459","-0.3928700000000003","-0.5684900000000002","-0.7907799999999998","-0.8793199999999999","-0.8526499999999997","-0.7216699999999996","-0.56134","-0.6178799999999995","-0.6307299999999998","-0.5884399999999999","-0.7175799999999999","-0.742","-0.5166300000000001","-0.5018000000000002","-0.6408800000000006","-0.7355699999999996","-0.7192599999999998","-0.6940199999999996","","","","","","","-0.7192599999999998","-0.7216699999999996","","31.0","MONTHLY"
"G10Y_FR_US","OAT − UST","PAGE:global","2026-08-01","-0.6799999999999997","-0.7499999999999996","6.999999999999984","","6.999999999999984","-10.000000000000009","53.84615384615385","-0.5799999999999996","-0.8399999999999999","0.6153846153846154","800","bp","-1.33","-1.3800000000000001","-1.46","-1.42","-1.45","-1.25","-1.3499999999999999","-1.47","-1.38","-1.08","-1.19","-1.21","-1.1099999999999999","-1.21","-1.31","-1.0","-0.8399999999999999","-0.8799999999999999","-0.7400000000000002","-0.56","-0.6299999999999999","-0.8199999999999998","-0.8599999999999999","-1.06","-1.1399999999999997","-1.3499999999999996","-1.31","-1.3699999999999997","-1.3199999999999994","-1.3599999999999999","-1.3900000000000001","-1.5699999999999998","-1.4500000000000006","-1.1599999999999997","-1.1099999999999999","-0.9300000000000002","-0.8200000000000003","-1.1099999999999994","-1.2700000000000005","-1.38","-1.31","-1.3000000000000003","-0.8500000000000001","-1.0200000000000005","-1.1600000000000001","-1.1399999999999997","-1.0299999999999998","-0.8399999999999999","-0.6100000000000003","-0.6199999999999997","-0.6499999999999999","-0.5799999999999996","-0.6800000000000002","-0.73","-0.6099999999999999","-0.5900000000000003","-0.7400000000000002","-0.7899999999999996","-0.7499999999999996","-0.6799999999999997","","","","","","","-0.7499999999999996","-0.8399999999999999","","31.0","MONTHLY"
"G10Y_CH_US","Swiss − UST","PAGE:global","2026-08-01","-4.21","-4.119999999999999","-9.000000000000075","","-9.000000000000075","-40.000000000000036","7.6923076923076925","-3.8099999999999996","-4.21","0.0","860","bp","-1.536","-1.6260000000000001","-1.794","-1.597","-1.715","-1.6669999999999998","-1.4529999999999998","-1.9260000000000002","-2.121","-1.991","-2.38","-2.114","-2.357","-2.86","-2.835","-2.055","-2.2729999999999997","-2.3040000000000003","-2.433","-2.38","-2.722","-2.784","-2.921","-3.218","-3.293","-3.7539999999999996","-3.678","-3.3639999999999994","-3.2299999999999995","-3.382","-3.5709999999999997","-3.847","-3.5650000000000004","-3.7509999999999994","-3.8","-3.419","-3.31","-3.6489999999999996","-4.071000000000001","-4.0729999999999995","-4.247","-4.054","-3.766","-3.954","-4.161","-3.9699999999999998","-4.012","-3.94","-3.92","-3.8799999999999994","-3.9","-3.8099999999999996","-3.94","-3.88","-3.85","-3.87","-4.04","-4.16","-4.119999999999999","-4.21","","","","","","","-4.119999999999999","-3.94","","31.0","MONTHLY"
"G10Y_ZA_US","SAGB − UST","PAGE:global","2026-08-01","4.07","4.11521739130435","-4.521739130434987","","-4.521739130434987","-58.40000000000005","7.6923076923076925","5.8852380952","4.07","0.0","836","bp","8.2542857143","8.4847619048","8.459999999999999","8.430476190499999","8.07","7.721500000000001","7.9663636364","7.3616666667","7.4228571429","7.7952380952","8.5233333333","8.0240909091","7.7290909091","7.650476190499999","7.3895454544999986","7.7636842105","7.442857142900001","7.295999999999999","7.5340909091","7.798823529400001","8.3709090909","8.1895238095","7.8242857143","7.5459090909","7.684500000000001","7.559090909100001","7.2854545455","7.4655555556","7.360454545500001","7.399523809500001","7.6926315788999995","7.7347619048","7.561904761899999","7.3689473684","6.7717391304","6.829999999999999","6.5809999999999995","6.3643478260999995","6.0080952381","5.862105263200001","5.7895454545","6.047","6.717999999999999","7.1047368421","6.6452380952","6.1995","6.0060869565","5.8852380952","5.7519047619","5.4743478261","5.0344999999999995","4.654000000000001","4.4080952381000005","4.127","4.804090909099999","4.598421052599999","4.514999999999999","4.2328571428571395","4.11521739130435","4.07","","","","","","","4.11521739130435","5.8852380952","","31.0","MONTHLY"
"CPILFESL","Core CPI YoY %","PAGE:macro","2026-08-01","2.4461631786472537","2.4665177892309265","-0.020354610583672716","","-0.020354610583672716","-0.2003215286617399","8.333333333333332","3.111806098514469","2.4461631786472537","0.0","823","abs","3.9396919775577244","4.002855729865806","4.590317334184912","4.972572143965692","5.488993530393094","6.05428515424189","6.4551151617656455","6.482378554404167","6.158737119052837","6.0254478790408905","5.906335651591377","5.899916740834321","6.286089097732228","6.624287624509306","6.294999786983246","5.969880665899807","5.685531944736666","5.539533472591773","5.498260329618088","5.566741392671326","5.514364195873522","5.337547036084689","4.853596327155252","4.700970557935236","4.399143440066089","4.128747996485882","4.027401561127464","4.017980521102138","3.9154727698627045","3.8583540949372663","3.7619647313751337","3.8161935067360986","3.6260251717590952","3.394419668976645","3.2654173234475614","3.2301916105644812","3.2850959364300047","3.2823574494668994","3.298689706765301","3.2859356193500444","3.2133335461932644","3.282970485398584","3.13755688228059","2.808783050077035","2.7760200724699313","2.7658403935930886","2.910895442696071","3.0544930080893096","3.111806098514469","3.0199668258857892","2.5990448060944082","2.6464847073089937","2.512028782828879","2.4724624767640258","2.602167705486824","2.7433094309685213","2.8229420636110225","2.5657850563697515","2.4665177892309265","2.4461631786472537","","","","","","","2.4665177892309265","3.111806098514469","","31.0","MONTHLY"
"DEXSDUS","USDSEK","PAGE:fx","2026-09-04","9.5646","9.5508","0.0014449051388365497","-0.003157927649063641","0.007128641977908634","0.03707157340041434","86.11111111111111","9.7678","8.8199","0.7856313957168486","13961","pct","9.5503","9.4141","9.3821","9.3599","9.3979","9.5709","9.6149","9.73","9.7678","9.7102","9.7112","9.7198","9.7013","9.7215","9.6567","9.645","9.672","9.7392","9.6521","9.6382","9.679","9.6555","9.634","9.6387","9.6417","9.6874","9.6926","9.6862","9.767","9.6998","9.7225","9.6789","9.7234","9.5351","9.5268","9.5527","9.5303","9.4969","9.5155","9.4751","9.4846","9.5163","9.5536","9.5683","9.5121","9.4919","9.5309","9.4469","9.488","9.4632","9.4961","9.4676","9.5378","9.514","9.5949","9.5796","9.5961","9.6205","9.5508","9.5646","","","","","","","9.4969","9.4814","","1.0","LATE"
"USDSGD_OANDA","USDSGD (OANDA)","PAGE:fx","2026-09-11","1.26722","1.26812","-0.000709712014635766","5.524207868057296e-05","-0.01051004154043167","-0.014381159048307834","8.461538461538462","1.30801","1.25972","0.15531165872851668","7000","pct","1.2933","1.29661","1.29732","1.29618","1.29408","1.2927","1.2938","1.29541","1.29231","1.2918","1.29238","1.2927","1.29361","1.29256","1.29173","1.29448","1.2912","1.28894","1.29034","1.29166","1.29112","1.29208","1.29111","1.29293","1.29056","1.29126","1.2924","1.28885","1.28131","1.28238","1.28194","1.28216","1.28112","1.28366","1.27864","1.28032","1.27969","1.28068","1.28064","1.2791","1.27758","1.27846","1.2712","1.27232","1.26976","1.27054","1.26912","1.27182","1.27118","1.27498","1.27085","1.27315","1.27118","1.26696","1.26715","1.26592","1.2649","1.26416","1.26812","1.26722","","","","","","","1.28068","1.28136","","1.0","LATE"
"SORA_INDEX","SORA index","PAGE:sg","2026-09-11","1.1239879749","1.123882881","9.350965458820859e-05","0.00022353909332628596","0.001113736161640455","0.00783321198846787","100.0","1.1239879749","1.1111222517","1.0","5320","pct","1.1208448676","1.1208787724","1.1209109278","1.1209442204","1.1209797006","1.121111712","1.1211505732","1.1211870827","1.1212265393","1.1212678619","1.1213976678","1.1214387448","1.1214818172","1.1215206697","1.1215537591","1.1216505231","1.1216828881","1.1217143475","1.1217478791","1.121780631","1.1218917887","1.1219295335","1.1219703717","1.1220127791","1.1220545333","1.1221628593","1.122195402","1.1222245237","1.1222524041","1.1222821238","1.1223586019","1.1223857538","1.1224133583","1.1224397612","1.122472069","1.1226504836","1.1226925846","1.1227375415","1.1227803716","1.1228974976","1.1229368851","1.1229829348","1.1230273711","1.1230701138","1.1231937038","1.1232355697","1.1232720856","1.1233107877","1.1233508607","1.1234776947","1.1235208732","1.1235594854","1.1235984067","1.1236360272","1.1237367758","1.1237714762","1.1238088901","1.1238448273","1.123882881","1.1239879749","","","","","","","1.1227375415","1.1111222517","","1.0","LATE"
"SORA_VOL","SORA volume","PAGE:sg","2026-09-11","1393.0","2627.0","-0.4697373429767796","-0.4971119133574007","-0.3228001944579485","0.40991902834008087","5.952380952380952","5285.0","988.0","0.09425180358389575","1511","pct","3132.0","2915.0","2907.0","2622.0","4394.0","2994.0","2982.0","1915.0","3636.0","2857.0","2946.0","3099.0","3746.0","2371.0","2852.0","2766.0","2677.0","2735.0","2349.0","1578.0","2571.0","3536.0","3101.0","3171.0","2356.0","1926.0","2021.0","1890.0","2039.0","2359.0","1662.0","2597.0","4363.0","4177.0","3593.0","2580.0","3059.0","2057.0","2409.0","2113.0","3223.0","2420.0","2847.0","2465.0","3083.0","3801.0","3320.0","2780.0","1832.0","2050.0","1076.0","1915.0","1666.0","1629.0","2770.0","2296.0","2099.0","3325.0","2627.0","1393.0","","","","","","","2057.0","1996.0","","1.0","LATE"
