"group","ticker","date","ratio","rel_1d","rel_5d","rel_20d","rel_60d","rel_ytd","sma20","sma50","sma200","above50","above200","pct_rank_1y","hi_1y","lo_1y","n","status","stale_days","","updated_at"
"Breadth","RSP","2026-09-11","0.2811367413","-0.05448390896","-1.219498176","-1.813564264","-0.5772111554","0.07974870537","0.2861802026","0.2864832888","0.2860837213","FALSE","FALSE","23.80952381","0.2987944431","0.2722108612","2940","ok","0","","2026-09-14 14:19"
"Size","IWM","2026-09-11","0.3779847963","-0.4350996818","-0.9971526842","-3.121313548","-2.898749574","4.710510369","0.3867525788","0.3905983784","0.3830929365","FALSE","FALSE","42.46031746","0.4112950795","0.3496627458","2940","ok","0","",""
"Size","IJH","2026-09-11","0.09739758469","-0.0665968008","-0.5876032317","-3.387358868","-3.753022892","0.6323650748","0.09915298461","0.1003197283","0.1007753751","FALSE","FALSE","17.46031746","0.1050438533","0.09465651148","2940","ok","0","",""
"Size","MDY","2026-09-11","0.887987544","-0.04551051381","-0.5899847401","-3.337846246","-4.037951681","0.3740329534","0.9038620325","0.914586072","0.9198778994","FALSE","FALSE","15.47619048","0.9591771322","0.8642420419","2940","ok","0","",""
"Growth","QQQ","2026-09-11","0.9353517644","0.02083105478","0.7685877447","-0.611767935","-3.841491605","3.829512","0.9332127592","0.9364502988","0.9229616456","FALSE","TRUE","74.6031746","0.9918043764","0.8805740646","2929","ok","0","",""
"Growth","SPYG","2026-09-11","0.1578196758","-0.03302833962","0.1324788453","-0.5147735869","-0.4147360809","0.8625991623","0.1575190334","0.1575096284","0.1560826739","TRUE","TRUE","74.20634921","0.1616262821","0.1488520025","2940","ok","0","",""
"Growth","VUG","2026-09-11","0.1151657094","0.07571324113","0.1830237388","-0.1614822355","-0.435203713","-3.414339539","0.114712344","0.1147431752","0.1156403694","TRUE","FALSE","36.11111111","0.1223988059","0.1107647515","2940","ok","0","",""
"Growth","IWF","2026-09-11","0.1599785422","-0.0687944135","0.2111394754","-0.9676043386","-2.686096837","-7.806500903","0.1599461472","0.1606369968","0.1660405036","FALSE","FALSE","7.53968254","0.1788358865","0.1563485318","2940","ok","0","",""
"Growth","RPG","2026-09-11","0.07460518913","0.1382403086","1.428686618","-2.969596187","-8.90396817","8.986226588","0.07533355182","0.0764060808","0.07448821117","FALSE","TRUE","61.11111111","0.08572790413","0.06690880113","2940","ok","0","",""
"Value","SPYV","2026-09-11","0.08248178048","0.02747271263","-0.1371152355","0.7077811908","0.4847448361","-0.9928256606","0.08264485464","0.08264962829","0.08354481201","FALSE","FALSE","26.58730159","0.0880421539","0.08008806391","2940","ok","0","",""
"Value","VTV","2026-09-11","0.2930432166","-0.127297706","-0.197240876","0.3974707392","0.8481019569","4.629577596","0.2942279153","0.2937013157","0.2904099929","FALSE","TRUE","67.46031746","0.305441714","0.270553458","2940","ok","0","",""
"Value","IWD","2026-09-11","0.3344018632","0.03543360989","-0.3201910151","0.5506460458","3.272863842","8.412721561","0.3351638863","0.3338476965","0.3230088965","TRUE","TRUE","91.66666667","0.3420612508","0.2978367448","2938","ok","0","",""
"Value","RPV","2026-09-11","0.1595206008","-0.1573365389","0.005305226038","1.511685999","3.603473048","5.244086794","0.1591659513","0.158247613","0.1564923622","TRUE","TRUE","78.57142857","0.1675079513","0.1446278573","2940","ok","0","",""
"Sector","XLK","2026-09-11","0.2455481558","0.466342141","2.086609466","0.1242330751","-1.178852314","16.30492353","0.2419226498","0.2408353707","0.2250588477","TRUE","TRUE","89.28571429","0.2609502745","0.2001564299","2940","ok","0","",""
"Sector","XLF","2026-09-11","0.07490612202","-0.1826860353","-1.101150335","0.01368726103","3.411794916","-6.73729646","0.07523817298","0.07529289931","0.07512599464","FALSE","FALSE","33.73015873","0.08215866065","0.06744537548","2940","ok","0","",""
"Sector","XLE","2026-09-11","0.08522942862","-0.5245373616","1.97591663","8.578886235","15.51697467","29.99251166","0.08309509691","0.07925521919","0.07734475288","TRUE","TRUE","91.66666667","0.09866107335","0.0635752336","2940","ok","0","",""
"Sector","XLV","2026-09-11","0.2163576653","-1.024792055","-3.450735272","-0.04733301389","6.14597031","-4.690814528","0.2228375976","0.2191273268","0.21821073","FALSE","FALSE","43.25396825","0.2352078457","0.1927406296","2940","ok","0","",""
"Sector","XLY","2026-09-11","0.1477973021","0.04039784621","-1.878378806","-2.9391597","-6.38464489","-15.5967371","0.1512519113","0.1528339885","0.1641847814","FALSE","FALSE","1.587301587","0.183469697","0.1473353383","2940","ok","0","",""
"Sector","XLP","2026-09-11","0.1090947154","-0.49915978","-1.068776598","-1.322561417","-4.361446695","-4.230344624","0.1111078498","0.1120650403","0.1170773538","FALSE","FALSE","2.380952381","0.1312944628","0.1077320063","2940","ok","0","",""
"Sector","XLI","2026-09-11","0.2255295765","0.2128870924","-0.1072968383","-5.573525516","-5.909587371","-0.8553837118","0.2315518703","0.2377497081","0.2398567508","FALSE","FALSE","5.158730159","0.2606427926","0.2226174901","2940","ok","0","",""
"Sector","XLB","2026-09-11","0.06666317759","-0.4740822049","-2.048709584","-0.8679935319","-5.122568208","0.2402515148","0.06846528537","0.0683398079","0.07043326656","FALSE","FALSE","21.42857143","0.07819581958","0.0622969532","2940","ok","0","",""
"Sector","XLU","2026-09-11","0.05546324039","-1.148383191","-0.3427525571","-2.035092105","-7.643734656","-11.4043268","0.05632458961","0.05832331914","0.06268400733","FALSE","FALSE","0.7936507937","0.07266167698","0.05505508116","2940","ok","0","",""
"Sector","XLRE","2026-09-11","0.05681089639","0.006972379412","-0.7356367007","-2.056604428","-5.483547924","-3.988881129","0.05793843083","0.05901853116","0.06044185874","FALSE","FALSE","0.7936507937","0.06468682998","0.05680693559","2740","ok","0","",""
"Sector","XLC","2026-09-11","0.1473262767","0.1329795988","0.4659175665","1.823335495","-1.581797385","-14.65788771","0.1458390162","0.1461983764","0.1601793007","TRUE","FALSE","19.04761905","0.1802694257","0.1427461844","2069","ok","0","",""
"Factor","MTUM","2026-09-11","0.4017323267","0.4271183141","3.7363513","-1.117127387","-7.550431922","9.444012723","0.398005704","0.4056182884","0.3913738991","FALSE","TRUE","74.20634921","0.4637622752","0.3591421518","2926","ok","0","",""
"Factor","SPMO","2026-09-11","0.1940493792","-0.3209916555","1.779498329","-1.160862321","-5.832964256","10.90022849","0.1938947169","0.1957162661","0.1859537504","FALSE","TRUE","75.3968254","0.2174043307","0.1705504306","2367","ok","0","",""
"Factor","SPHB","2026-09-11","0.1938531186","1.224907913","2.483019277","-0.4788385154","-4.24370608","13.01386563","0.1923898056","0.1925291154","0.1852348942","TRUE","TRUE","82.53968254","0.2105885356","0.1601765436","2940","ok","0","",""
"Factor","SPLV","2026-09-11","0.09654712217","-0.6837171293","-0.7876947836","-1.47963349","-2.762144732","-7.816559021","0.09797572896","0.1000272999","0.103967239","FALSE","FALSE","2.380952381","0.1151636945","0.09400954465","2940","ok","0","",""
"Factor","USMV","2026-09-11","0.1303301103","-0.2342752652","-1.024131834","0.01103501919","1.960787885","-5.613095991","0.131559674","0.1308718855","0.1346353211","FALSE","FALSE","22.22222222","0.1450860009","0.1262018909","2926","ok","0","",""
"Factor","QUAL","2026-09-11","0.288110534","-0.03717335838","-0.3139615405","-1.348964629","-0.7264984635","-1.083307161","0.2904203706","0.2916268034","0.2918506531","FALSE","FALSE","12.6984127","0.2986340909","0.2838526003","2926","ok","0","",""
"International","EFA","2026-09-11","0.1396066938","0.1307408273","-0.2497851946","-0.08532986598","0.4228650701","-0.8636919378","0.1403547024","0.1399223037","0.1427761551","FALSE","FALSE","19.04761905","0.1536173997","0.1376138101","2940","ok","0","",""
"International","VEA","2026-09-11","0.0951078779","0.2163558242","0.1287553864","0.6017351926","-1.324261581","3.819375856","0.09527160569","0.094649746","0.0953615005","TRUE","FALSE","59.12698413","0.1023921632","0.08919245261","2940","ok","0","",""
"International","VXUS","2026-09-11","0.1140143139","0.1431009874","0.2073969623","1.105169319","-1.248574192","3.060234572","0.1140211383","0.113316492","0.114669976","TRUE","FALSE","57.14285714","0.1221737926","0.1093685208","2929","ok","0","",""
"International","EEM","2026-09-11","0.08876211909","0.3979055383","1.716626082","3.548706056","-2.97074473","10.63546747","0.08760840013","0.08680835114","0.08677456261","TRUE","TRUE","73.41269841","0.09566222007","0.07804145124","2940","ok","0","",""
"Thematic","IGV","2026-09-11","0.1328291617","-0.5316960322","-3.974265586","-2.780251875","9.079243628","-14.29760436","0.1356718653","0.1302067525","0.131178029","TRUE","TRUE","51.19047619","0.1766390738","0.109896094","2926","ok","0","",""
"Thematic","SMH","2026-09-11","0.7438668568","0.6148033314","4.078092235","-1.779068681","-9.39194502","40.85404909","0.7347060248","0.7502979225","0.6702705046","FALSE","TRUE","76.19047619","0.8986015395","0.4579367398","2929","ok","0","",""