"Date","SPY","RSP","IWM","IJH","MDY","QQQ","SPYG","VUG","IWF","RPG","SPYV","VTV","IWD","RPV","XLK","XLF","XLE","XLV","XLY","XLP","XLI","XLB","XLU","XLRE","XLC","MTUM","SPMO","SPHB","SPLV","USMV","QUAL","EFA","VEA","VXUS","EEM","IGV","SMH"
"2025-08-29","645.05","188.62","235.17","65.16","595.16","570.4","99.49","76.44","111.4","46.97","54.64","183.22","201.63","98.12","131.23","53.99","45.2","137.43","115.87","80.78","152.01","46.14","42.16","42.31","111.39","243.73","116.48","104.87","73.5","94.26","188.95","91.48","58.71","71.37","49.86","108.1","290.29"
"2025-09-02","640.27","187.13","233.9","64.91","592.51","565.62","98.63","75.83","110.42","46.6","54.37","182.6","200.6","97.71","129.9","53.59","45.26","137.56","115.01","80.65","150.56","45.8","42.02","41.59","111.2","242.49","115.56","103.84","73.05","94.02","187.61","90.58","58.19","70.87","49.82","107.27","286.48"
"2025-09-03","643.74","186.84","233.67","64.8","591.51","570.07","99.6","76.65","111.53","46.59","54.32","181.79","200.45","97.41","130.68","53.5","44.25","136.91","115.47","80.59","149.8","45.49","41.92","41.48","113.06","242.67","115.59","103.64","73.15","94.06","188.67","90.72","58.32","71.02","50.01","107.32","286.43"
"2025-09-04","649.12","188.22","236.59","65.73","600.07","575.23","100.53","77.33","112.52","47","54.71","183.14","202.09","97.75","131.32","54.06","44.54","137.43","117.58","80.64","151.49","45.66","41.87","41.76","114.08","244.94","117.33","104.91","73.42","94.21","190.33","91.38","58.68","71.31","49.85","106.84","289.86"
"2025-09-05","647.24","188.44","237.77","66.05","602.89","576.06","100.45","77.1","112.32","46.84","54.44","182.55","201.59","98.01","131.43","53.07","43.68","137.9","117.56","80.87","150.93","45.98","41.74","42.18","114.69","244.3","117.05","105.26","73.37","93.99","189.22","91.79","58.96","71.78","50.45","108.14","293.28"
"2025-09-08","648.83","188.29","238.25","66.05","603.04","578.87","100.97","77.6","112.96","47.13","54.41","182.31","201.51","97.68","132.42","53.11","43.58","137.85","118.01","80.57","151.27","46.02","41.31","41.9","114.82","246.48","117.72","105.52","73.16","94.07","189.71","92.71","59.53","72.47","50.91","110.02","296.52"
"2025-09-09","650.33","187.71","236.85","65.45","597.54","580.51","101.44","77.88","113.32","47.18","54.4","182.47","201.74","97.24","132.67","53.34","43.79","138.59","117.85","80.73","150.25","45.27","41.6","41.88","115.47","248.44","118.47","105.39","73.15","94.24","190","92.4","59.37","72.38","51.19","110.52","297.81"
"2025-09-10","652.21","187.52","236.43","65.42","597.29","580.7","102.41","77.87","114.06","47.64","54.13","183.81","201.23","97.32","135.07","53.16","44.56","137.33","116.44","79.94","151.36","45.36","42.31","41.86","114.62","254.37","119.5","106.23","72.72","93.74","189.57","92.38","59.41","72.51","51.54","112.24","300.83"
"2025-09-11","657.63","190.33","240.8","66.51","607.37","584.08","102.89","78.32","114.66","48.09","54.8","186.06","203.86","99.39","135.53","54.03","44.57","139.72","118.7","80.59","152.8","46.31","42.54","42.54","116.38","253.96","120.13","107.91","73.8","94.91","191.57","93.36","60.07","73.33","52.29","112.4","303.93"
"2025-09-12","657.41","188.96","238.34","65.78","600.62","586.66","103.04","78.58","115.04","47.78","54.66","184.93","202.63","99.3","135.44","53.8","44.3","138.11","119.32","80.32","151.58","45.84","42.75","42.35","117.35","253.52","120.48","107.47","73.35","94.14","190.81","92.99","59.82","73.09","52.26","111.67","304.32"
"2025-09-15","660.91","188.63","239.35","65.79","600.46","591.68","104.06","79.37","116.14","47.9","54.66","184.57","202.55","98.59","136.66","53.68","44.15","136.93","120.35","79.4","152.28","45.47","42.85","42.3","119","254.62","121.13","108.45","72.8","93.85","191.44","93.61","60.3","73.66","52.64","112.81","307.17"
"2025-09-16","660","188.13","238.28","65.39","598.81","591.18","103.8","79.24","115.84","47.55","54.63","184.37","201.49","98.27","136.19","53.56","44.89","136.93","121.09","79.76","151.83","45.33","42.07","42.05","118.52","253.4","121.07","108.27","72.3","93.1","190.79","93.35","60.23","73.72","53.03","112.72","307.21"
"2025-09-17","659.18","188.31","238.89","65.31","598.29","590","103.28","78.93","115.38","47.44","54.82","185.17","202.09","98.47","135.72","54.08","45","137.2","120.79","80.24","151.14","45.44","42.18","42.03","118.83","253.12","120.68","108.36","72.6","93.56","191.29","93","60.02","73.67","53.26","113.22","305.25"
"2025-09-18","662.26","189.54","244.84","66.14","605.62","595.32","104.01","79.35","116.03","47.96","54.94","185.82","203.11","99.12","138.06","54.13","44.86","137.47","120.24","79.54","152.75","45.44","42.21","42.06","118.92","254.68","121.45","110.74","72.28","93.69","192.02","93.36","60.21","73.73","53.13","115.37","316.97"
"2025-09-19","663.7","189.21","242.98","65.61","599.42","599.35","104.72","80.07","117.16","48.16","55.09","185.68","202.77","98.8","139.46","54.25","44.26","137.29","120.7","79.38","153.12","45.42","42.48","41.85","119.41","256.81","121.93","110.6","72.25","93.84","192.71","93","59.65","73.12","53.01","117.19","315.71"
"2025-09-22","666.84","188.48","244.39","65.59","598.93","602.2","105.31","80.68","118.17","48.26","54.9","185.81","202.48","97.71","141.33","54","43.84","136.63","120.09","77.96","153","45.19","42.6","41.67","118.58","257.69","122.12","111.15","72.01","93.94","193.78","93.3","59.97","73.44","53.27","117.79","322.17"
"2025-09-23","663.21","188.71","243.84","65.53","598.62","598.2","104.27","79.83","116.94","48.13","54.95","186.26","202.63","98.65","140.11","53.76","44.59","136.94","118.96","78.35","153.04","45.04","42.82","42","118.41","256.79","121.61","110.56","72.38","94.14","192.87","93.12","59.88","73.34","53.3","116.4","321.7"
"2025-09-24","661.1","188.71","241.6","65.04","594.03","596.1","103.82","79.49","116.31","48.13","54.84","185.9","202.23","99.27","140.11","53.76","45.17","136.39","119.8","78.52","153.04","45.04","42.82","42","117.43","256.79","120.9","109.82","72.53","94.16","192.2","92.58","59.46","72.91","53.12","115.22","321.7"
"2025-09-25","658.05","186.72","239.29","64.68","590.71","593.53","103.22","79.05","115.72","47.25","54.65","185.04","201.29","98.27","139","53.47","45.58","134.13","118.11","77.77","151.22","43.91","42.71","41.47","117.03","253.59","120.31","108.55","72.05","93.61","191.3","91.92","59.06","72.49","52.81","113.9","321.06"
"2025-09-26","661.82","188.57","241.34","65.34","596.68","595.97","103.68","79.41","116.21","47.71","55.04","186.57","202.98","99.42","139.42","53.86","46","135.5","119.86","77.96","152.58","44.42","43.41","41.88","118.17","254.66","120.58","109.43","72.8","94.54","192.6","92.63","59.41","72.75","52.71","114.97","321.82"
"2025-09-29","663.68","189.2","241.62","65.19","595.34","598.73","104.06","79.68","116.64","47.81","55.15","185.76","203.22","99.3","140.17","54.13","45.15","135.9","120.38","78.11","153.05","44.59","43.53","41.96","118.55","255.64","120.71","109.66","73.02","94.72","193.36","92.99","59.71","73.14","53.19","115.98","322.66"
"2025-09-30","666.18","189.7","241.96","65.26","596.03","600.37","104.51","79.94","117.1","47.72","55.33","186.49","203.59","99.38","140.93","53.87","44.67","139.17","119.82","78.37","154.23","44.81","43.61","42.13","118.37","256.45","121.06","109.8","73.48","95.14","194.5","93.37","59.92","73.46","53.4","115.01","326.36"
"2025-10-01","668.45","190.13","242.49","65.49","597.97","603.25","104.95","80.31","117.8","47.78","55.49","186.87","203.87","99.56","142.31","53.39","44.67","143.47","120.57","78.25","153.8","44.34","44.03","42.13","116.71","255.9","120.56","111.29","73.01","94.97","195.84","94.14","60.37","73.97","53.82","115.07","333.69"
"2025-10-02","669.22","190.58","244.02","65.57","598.75","605.73","105.14","80.55","117.93","48.05","55.48","186.53","204.06","99.61","143.08","53.35","44.22","143.19","119.7","77.94","154.2","44.86","43.95","41.91","116.45","255.81","120.78","112.16","72.7","94.83","196.36","94.29","60.5","74.11","54.07","115.72","338.24"
"2025-10-03","669.21","191.25","245.83","65.77","600.68","603.18","104.83","80.24","117.49","47.82","55.7","187.53","204.96","100.39","142.36","53.72","44.46","144.82","118.93","78.03","154.41","44.93","44.46","42.08","116.39","254.27","120.09","111.97","73.01","95.15","196.47","95.08","61.06","74.66","54.23","114.83","336.68"
"2025-10-06","671.61","191.19","246.81","65.88","601.57","607.71","105.32","80.83","118.23","48.1","55.81","187.33","205.22","99.99","143.8","53.7","44.68","144.12","119.95","77.46","155.13","44.89","44.89","41.66","116.51","254.21","120.41","113.11","72.86","95.08","196.81","95.3","61.18","74.82","54.48","115.62","343.38"
"2025-10-07","669.12","190.35","244.16","65.15","595.07","604.51","104.75","80.35","117.57","47.83","55.73","187.16","204.54","99.63","142.84","53.77","44.75","144.23","117.85","78.18","154.25","44.71","45.09","41.53","116.06","254.5","120.47","111.53","73.05","95.24","195.81","94.47","60.65","74.24","54.06","114.37","337.05"
"2025-10-08","673.11","190.97","246.72","65.81","600.97","611.44","105.62","81.18","118.74","48.34","55.87","187.07","204.95","99.27","145.35","53.51","44.49","144.51","118.2","77.79","155.59","44.95","45.4","41.32","115.58","255.92","121.43","113.39","72.84","95.43","196.69","94.75","60.84","74.53","54.49","115.69","346.07"
"2025-10-09","671.16","189.39","245.13","65.09","594.43","610.7","105.68","81.08","118.65","48.13","55.48","186.05","203.7","98.23","145.1","53.32","43.88","144.19","117.61","78.04","153.29","44.34","45.29","41.13","114.92","256.04","121.8","112.86","72.35","94.88","195.77","93.97","60.32","73.88","53.93","115.67","345.21"
"2025-10-10","653.02","185.12","237.79","63.25","577.77","589.5","102.4","78.41","114.87","46.66","54.27","182.87","199.44","95.88","139.2","52.16","42.61","142.11","114.38","78.1","149.9","43.43","45.1","40.68","112.8","249.97","118.5","107.46","72.43","93.99","191.01","92.24","59.18","72.17","51.94","112.09","325.34"
"2025-10-13","663.04","186.92","244.41","64.49","588.92","602.01","104.56","79.94","117.15","47.48","54.73","184.54","201.57","96.9","142.59","52.66","43.19","141.95","116.93","77.84","151.46","44.12","45.45","40.91","113.84","254.74","121.17","110.72","72.23","94.28","192.88","92.98","59.8","73.27","53.45","114.64","339.75"
"2025-10-14","662.23","188.47","247.9","65.08","594.38","598","103.73","79.32","116.27","47.68","55.11","186.13","203.12","98.05","140.76","53.24","43.19","142.34","117.18","79.09","153.24","44.56","45.85","41.3","114.59","254.12","120.55","110.72","73","94.7","193.03","93.4","59.98","73.28","52.97","113.59","333.5"
"2025-10-15","665.17","188.85","250.33","65.14","594.92","602.22","104.23","79.75","116.76","47.72","55.3","186.65","203.87","98.59","142.15","53.24","43.16","142.56","117.35","79.23","152.6","44.36","46.45","41.9","115.4","254.86","121.19","112.21","72.81","94.25","193.71","93.85","60.4","73.92","53.84","113.29","341.78"
"2025-10-16","660.64","187.06","245.06","64.34","587.61","599.99","103.71","79.35","116.19","47.14","54.84","184.72","201.84","97.16","142.26","51.76","42.64","142.32","116.21","78.68","151.6","44.03","45.95","41.77","114.17","252.89","120.23","111.22","72.03","93.33","192.29","94.34","60.66","74.25","54.19","112.8","343.3"
"2025-10-17","664.39","188.01","243.41","64.47","588.86","603.93","104.24","79.71","116.78","47.16","55.23","185.64","202.84","97.98","142.51","52.18","42.99","143.27","117.21","79.73","151.73","43.94","45.79","42.04","114.94","252.8","120.42","111.09","72.68","94.06","193.46","94.51","60.71","74.2","54.18","112.68","342.83"
"2025-10-20","671.3","189.89","248.16","65.26","595.95","611.54","105.15","80.78","118.17","47.63","55.85","187.02","204.91","98.81","144.1","52.79","43.45","144.79","118.14","79.66","153.52","44.47","45.77","42.48","116.24","254.22","121.24","112.61","72.85","94.62","195.61","95.29","61.24","74.93","54.92","113.89","347.22"
"2025-10-21","671.29","190.76","246.99","65.51","598.05","611.38","104.94","80.75","118.14","47.83","55.99","187.22","205.08","99.67","144.17","52.73","43.35","145.13","119.59","79.29","154.88","44.3","45.31","42.35","116.65","253.57","120.74","113.11","72.75","94.73","196.13","94.59","60.69","74.22","54.31","115.01","345.3"
"2025-10-22","667.8","189.84","243.34","64.74","591.26","605.49","104.34","80.16","117.19","47.33","55.72","186.65","204.23","99.57","142.75","52.43","43.9","145.96","118.65","79.74","152.87","44.16","45.2","42.54","115.64","250.92","119.47","111.54","72.97","94.68","194.85","94.45","60.71","74.28","54.26","113.51","338.6"
"2025-10-23","671.76","190.74","246.42","65.62","599.29","610.58","105.12","80.83","118.23","47.73","55.94","187.2","205.09","99.95","144.54","52.54","44.49","146.04","119.19","79.35","154.78","44.69","45.17","42.5","115.25","252.96","120.34","113.42","72.54","94.43","196.09","94.89","61.02","74.71","54.74","114.79","344.8"
"2025-10-24","677.25","191.26","249.43","65.99","602.47","617.1","106.23","81.6","119.3","48.11","56.25","188.13","206.3","100.75","146.79","53.11","44.04","146.03","118.83","79.09","154.91","44.51","45.7","42.65","115.55","255.5","121.71","114.59","72.4","94.5","196.86","95.04","61.22","74.95","55.1","116","351.14"
"2025-10-27","685.24","192.11","250.3","66.24","604.78","628.09","107.9","83.05","121.26","48.53","56.65","188.76","207.5","101.05","149.5","53.33","44.14","146.37","120.54","79.22","155.79","44.49","45.82","42.74","117.16","257.92","123","115.73","72.62","94.93","199.18","95.7","61.67","75.52","55.71","117.08","359.94"
"2025-10-28","687.06","190.46","248.96","65.64","599.47","632.92","108.71","83.68","122.38","48.04","56.44","187.49","206.1","100.31","150.98","52.99","43.68","145.45","120.57","78.43","154.68","44.55","45.07","41.79","116.58","257.95","123.44","114.97","71.75","94.23","199.13","95.66","61.66","75.51","55.69","116.72","363.11"
"2025-10-29","687.39","188.33","246.84","65.23","595.66","635.77","109.39","84.04","122.93","48.01","56.1","186","204.73","99.58","152.07","52.09","44.01","143.98","119.58","76.58","155.08","43.67","45.05","40.65","116.29","258.02","124.18","115.72","70.33","93.04","198.32","95.12","61.31","75.28","56.01","115.22","368.61"
"2025-10-30","679.83","187.52","244.85","64.53","589.39","626.05","107.7","82.72","121.05","47.34","55.83","185.6","203.8","98.88","150.2","52.23","43.75","144.3","116.88","76.5","154.69","43.09","44.86","40.88","114.32","253.56","121.8","114.4","70.86","93.24","196.7","94.7","61.03","74.81","55.43","113.97","363.73"
"2025-10-31","682.06","187.93","246.23","64.93","592.98","629.07","108.06","83.14","121.4","47.59","55.98","185.76","204.57","99.1","150.34","52.37","44.07","144.25","119.97","76.28","155.06","42.84","44.55","40.9","114.81","254.22","121.7","115.1","70.62","93.18","196.3","94.49","60.98","74.63","55.3","115.51","363.02"
"2025-11-03","683.34","187.47","245.44","64.9","592.7","632.08","108.6","83.64","121.99","47.58","55.88","184.88","204.06","98.83","150.96","52.15","44.07","144.45","121.09","75.68","154.4","42.57","44.58","40.83","113.59","253.52","121.65","115.16","70.3","92.75","196.02","94.53","61.13","74.84","55.65","115.7","366.1"
"2025-11-04","675.24","186.23","241.2","64.34","587.59","619.25","106.63","82.25","119.85","46.39","55.61","184.32","202.87","98.56","146.97","52.42","43.6","145.1","119.08","75.99","152.61","42.36","44.42","40.94","112.81","249.21","119.46","111.65","70.82","92.82","194.52","93.56","60.32","73.85","54.63","112","352.76"
"2025-11-05","677.58","187.32","244.68","64.78","591.43","623.28","107.02","82.34","119.99","46.5","55.81","185.21","204.19","98.93","147.54","52.6","43.71","145.66","120.53","75.94","153.2","42.61","44.43","40.93","113.42","250.15","119.77","113.52","70.81","92.95","195.29","94.16","60.7","74.35","55.12","111.75","359.5"
"2025-11-06","670.31","186","240.35","64.16","586.01","611.67","105.44","80.97","118.04","45.91","55.45","184.97","203.1","98.48","144.58","52.41","44.14","145.94","117.75","75.6","152.59","42.4","44.23","40.73","112.4","246.93","118.14","112.02","70.61","92.34","193.27","93.95","60.42","74.06","54.71","109.31","351.09"
"2025-11-07","670.97","187.56","241.61","64.93","592.78","609.74","105.23","80.75","117.86","46.46","55.72","186.16","204.42","99.68","144.08","52.78","44.77","146.14","117.93","76.71","153.33","42.91","44.85","41.27","112.11","248.18","118.53","112.49","71.44","92.99","193.21","94.3","60.61","74.2","54.55","109.48","348.12"
"2025-11-10","681.44","188.64","244.03","65.35","596.56","623.23","107.66","82.61","120.46","46.99","56.1","186.98","205.85","99.75","147.76","52.97","45.18","147.28","119.48","76.43","154.2","43.32","44.83","41.24","113.28","252.62","120.78","114.31","71.49","93.39","195.91","95.29","61.35","75.13","55.51","111.78","358.79"
"2025-11-11","683","189.73","244.24","65.33","596.54","621.57","107.3","82.48","120.24","46.69","56.61","188.52","207.25","100.94","146.51","53.21","45.77","150.68","119.78","77.43","154.24","43.77","44.86","41.7","114.2","251.77","120.29","113.25","72.19","94.3","196.52","95.99","61.73","75.53","55.57","111.03","351.05"
"2025-11-12","683.38","190.18","243.64","65.56","598.63","621.08","107.05","82.25","120.02","46.79","56.87","189.43","208.01","100.82","146.96","53.67","45.13","152.82","118.97","77.32","154.39","44.08","44.96","41.37","113.54","251.59","120.34","114.02","72.26","94.56","197.01","96.56","62.13","75.82","55.58","109.85","355.53"
"2025-11-13","672.04","188.03","236.79","64.34","587.38","608.4","104.71","80.48","117.48","45.64","56.29","187.53","205.47","100.32","143.29","52.98","45.24","152.74","116","77.32","152","43.79","44.34","40.83","111.93","245.79","117.68","110.74","72.17","94.11","194.91","95.53","61.4","74.99","54.93","106.84","344.82"
"2025-11-14","671.93","187.34","237.48","64.2","586.16","608.86","104.81","80.59","117.73","45.61","56.17","187.15","204.79","100.22","144.07","52.45","46.01","151.83","115.45","77.26","152.01","43.39","44.38","40.95","111.33","246.07","117.83","110.51","72.01","94.2","194.38","95.26","61.32","74.93","54.96","107.44","344.98"
"2025-11-17","665.67","184.88","232.76","63.01","575.3","603.66","104.01","79.88","116.62","44.74","55.56","185.06","202.58","98.73","141.82","51.45","45.17","151.7","114.36","76.77","150.52","42.73","44.78","40.68","111.18","243.36","116.48","108.1","71.85","93.71","192.32","94.02","60.53","74","54.31","105.49","340.3"
"2025-11-18","660.08","184.99","233.47","63.21","577.19","596.31","103.11","78.88","115.22","44.63","55.35","185.04","202.33","99.4","139.51","51.37","45.53","152.59","112.25","77.1","149.85","42.76","44.61","40.83","111.81","242.04","115.84","107.42","71.88","93.66","191.07","92.8","59.91","73.35","54.04","104.41","333.29"
"2025-11-19","662.63","184.43","233.43","63.3","577.89","599.87","103.76","79.43","116.07","44.82","55.16","184.61","202.08","98.2","140.49","51.56","44.94","152.33","112.26","76.51","150.35","42.87","44.24","40.51","111.19","242.95","116.71","108.16","71.46","93.18","191.75","92.52","59.71","73.16","53.85","103.89","339.44"
"2025-11-20","652.53","182.18","229.11","62.26","568.63","585.67","101.94","77.83","113.74","43.66","54.47","182.89","199.94","97","136.07","51.11","44.43","151.42","110.58","77.06","147.83","42.23","44.01","40.37","109.97","238.02","114.42","104.52","71.53","92.63","189.36","91.24","58.9","72.19","53.11","100.8","325.1"
"2025-11-21","659.03","185.76","235.6","63.76","582.32","590.07","102.6","78.32","114.4","44.3","55.24","185.41","203.04","99.14","136.6","51.67","44.71","154.61","112.75","77.9","149.63","43.18","44.08","40.9","111.9","237.83","114.3","106.39","72.34","93.7","191.98","92.65","59.77","72.92","53.1","100.92","326.13"
"2025-11-24","668.73","186.53","239.9","64.4","587.81","605.16","106.07","79.39","116.93","44.84","56.06","185.3","204.48","99.37","139.85","51.89","44.59","155.26","114.26","77","150","43.26","44.58","40.96","113.01","242.3","116.94","108.52","72","93.61","193.68","92.73","60.06","73.23","53.66","102.23","339.12"
"2025-11-25","675.02","189.18","245.13","65.6","598.88","608.89","105.9","80.83","117.76","45.47","56.09","188.02","207.26","100.95","140.23","52.54","44.31","158.77","116.7","78.06","151.92","43.91","44.41","41.29","114.3","244.21","117.92","110.19","72.64","94.66","195.99","93.84","60.63","73.91","53.85","103.19","340.01"
"2025-11-26","679.68","190.5","247.3","65.99","602.5","614.27","106.63","81.4","118.65","45.89","56.48","189.23","208.48","101.97","141.89","52.95","44.64","158.42","117.5","78.91","152.8","44.45","45","41.47","114.46","247.68","119.28","112.05","72.95","94.92","197.34","94.87","61.28","74.61","54.24","102.97","347.71"
"2025-11-28","683.39","191.53","248.75","66.34","605.48","","107.04","81.81","119.11","46.16","56.88","190.48","209.98","102.58","143.11","53.33","45.23","157.65","118.23","79.37","153.69","44.7","45.32","41.67","115.39","","120.12","113.19","73.17","","","95.19","61.57","","54.32","",""
"2025-12-01","680.27","190.22","245.62","65.96","602.2","617.17","106.51","81.48","118.71","45.9","56.63","189.15","208.55","102.11","143.18","52.89","45.66","155.29","118.3","79.29","151.44","44.59","44.26","41.09","114.85","247.65","118.93","112.94","72.27","94.56","197.67","94.72","61.26","74.65","54.28","104.07","352.96"
"2025-12-02","681.53","190.04","245.17","65.73","600.02","622","106.82","81.92","119.23","46.04","56.66","188.85","208.43","101.71","144.65","52.84","45.07","154.36","118.22","78.77","152.76","44.19","43.94","40.99","115.23","248.81","119.16","114.07","71.77","94.29","198.43","95.04","61.46","74.77","54.3","105.22","359.43"
"2025-12-03","683.89","191.49","249.63","66.19","604.19","623.52","107.03","81.97","119.12","46.46","56.96","190.59","210.33","101.84","145","53.55","45.92","155.08","119.5","78.83","154.21","44.5","43.8","41.07","115.13","249.8","119.46","116.26","71.74","94.59","199.12","95.55","61.79","75.07","54.34","106.68","364.37"
"2025-12-04","684.39","191.55","251.82","66.52","607.15","622.94","107.47","81.98","119.36","46.68","56.81","190.57","210.24","101.96","145.54","53.66","46.11","153.9","119.07","78.45","155.01","44.24","43.71","41","115.79","251.6","120.5","116.59","71.51","94.51","199.28","95.81","61.95","75.23","54.33","107.95","361.6"
"2025-12-05","685.69","192","250.77","66.54","607.38","625.48","107.82","82.35","119.7","46.71","56.81","190.36","210.47","102.16","146.6","53.68","45.92","153.26","119.73","78.46","154.58","44.09","43.3","40.99","117.13","252.79","120.85","117.45","71.32","94.58","199.76","95.81","62.04","75.38","54.74","109.46","364.42"
"2025-12-08","683.63","190.85","250.87","66.21","604.34","624.28","107.46","82.19","119.63","46.53","56.65","189.44","209.13","102.04","147.63","53.48","45.42","151.43","117.99","77.81","154.39","43.48","42.72","40.74","116.26","253.38","121","117.69","70.66","93.89","198.55","95.51","61.91","75.22","54.62","109.4","368.55"
"2025-12-09","683.04","190.49","251.39","66.17","603.9","625.05","107.42","82.17","119.62","46.43","56.57","188.93","208.64","102.41","148.02","53.28","45.7","149.96","117.98","77.99","153.26","43.39","42.75","40.5","116.39","253.5","120.72","118.17","70.36","93.66","198.41","95.38","61.84","75.12","54.53","109.95","369"
"2025-12-10","687.57","193.17","254.81","67.42","615.37","627.61","107.86","82.21","119.82","47","57.13","191.56","211.49","104.29","148.73","53.89","46.18","152.14","119.71","78.22","156.06","44.24","42.73","40.58","117.07","255.92","121.53","120.57","70.6","93.86","199.34","96.44","62.54","75.93","55.14","110.08","374.1"
"2025-12-11","689.17","194.73","257.8","68.06","621.24","625.58","107.75","82.17","119.75","47.65","57.49","193.14","212.85","105.36","147.97","54.87","45.96","153.58","120.18","78.8","157.73","45.12","43.04","40.8","116.81","256.06","121.78","121","71.18","94.65","201.01","97.01","62.8","76.13","54.88","109.78","370.89"
"2025-12-12","681.76","193.41","253.85","67.17","613.11","613.62","105.99","80.88","117.84","46.86","57.25","192.5","211.79","105.17","143.69","54.95","45.51","154.06","120.7","79.42","156.74","45.15","42.83","40.75","116.55","249.46","119.1","118.19","71.6","94.63","199.51","96.5","62.48","75.61","54.24","107.97","354.12"
"2025-12-15","680.73","193.65","251.93","67.05","611.94","610.54","105.7","80.48","117.31","46.84","57.26","193.23","212.1","105.22","142.3","54.99","45.19","156.1","121.73","79.64","156.99","45.12","43.22","40.91","116.57","248.34","118.68","117.8","72.02","94.77","199.69","97.09","62.84","75.87","54.08","105.39","352.9"
"2025-12-16","678.87","192.29","249.9","66.28","608.15","611.75","105.85","80.67","117.45","46.86","56.83","191.36","209.32","103.7","142.56","54.64","43.81","154.07","121.93","79.28","156.06","45","43.04","40.55","116.65","247.71","118.7","117.81","71.37","93.7","198.19","94.92","62.46","75.46","52.98","106.31","351.94"
"2025-12-17","671.4","191.77","247.24","65.98","605.4","600.41","103.83","79.26","115.34","46.01","56.73","190.97","208.65","103.7","139.39","54.63","44.78","153.79","120.52","79.65","153.53","45.19","42.76","40.73","115.81","241.88","116.53","115.42","71.89","93.77","196.36","94.15","62.02","74.96","52.6","104.7","339.24"
"2025-12-18","676.47","192.18","248.71","66.31","608.07","609.11","105.09","80.32","116.82","46.56","56.88","190.86","209.06","103.4","141.54","54.54","44.13","153.91","122.34","79.19","154.53","45.17","43.18","40.48","116.47","246.07","117.7","116.9","71.68","93.85","197.77","94.82","62.51","75.57","53.2","106.18","347.25"
"2025-12-19","680.59","192.88","250.79","66.85","611.57","617.05","106.44","81.43","118.38","47.23","57.1","191.3","209.88","103.78","144.6","54.84","44.13","154.94","121.85","78.78","155.86","45.37","42.63","40.33","116.52","251.25","119.53","118.84","71.3","94.12","198.84","95.46","61.84","74.67","53.72","107.76","356.23"
"2025-12-22","684.83","193.54","253.58","67.42","616.09","619.21","107.07","81.77","119.08","47.77","57.09","191.78","211.48","103.84","145.16","55.32","44.21","155.3","122.34","77.88","157.05","45.67","42.47","40.19","116.66","253.39","120.23","120.01","71.59","94.73","199.87","95.7","62.13","75.09","54.01","108.95","359.7"
"2025-12-23","687.96","193.09","252.08","67.22","614.29","622.11","107.93","82.34","119.83","47.66","57.11","191.9","211.61","103.25","145.95","55.43","44.5","154.99","122.17","77.51","156.99","45.75","42.62","40.18","117.39","254.32","120.98","119.51","71.57","94.75","200.16","96.29","62.54","75.55","54.31","108.07","363.16"
"2025-12-24","690.38","193.79","252.71","67.32","615.19","","108.21","82.51","120.12","47.8","57.37","192.87","212.55","103.76","146.3","55.73","44.37","155.8","122.59","78.12","157.5","45.84","42.81","40.44","118.09","","121.45","119.88","71.9","","","96.41","62.68","","54.42","",""
"2025-12-26","690.31","193.84","251.42","67.33","615.33","623.89","108.19","82.51","120.08","47.68","57.37","192.78","212.45","103.93","146.53","55.62","44.2","156.05","122.05","78.23","157.21","46.11","42.78","40.52","117.97","255.03","121.38","119.61","71.87","95.11","201.03","96.57","62.81","75.85","54.8","108.1","365.86"
"2025-12-29","687.85","193.52","249.88","66.93","611.55","620.87","107.64","82.09","119.49","47.39","57.26","192.59","212.04","103.89","145.87","55.32","44.62","155.81","120.85","78.28","156.87","45.74","42.86","40.63","117.89","253.49","120.63","118.75","71.94","95.07","200.5","96.28","62.72","75.61","54.66","107.39","364.21"
"2025-12-30","687.01","193.21","248.03","66.7","609.45","619.43","107.48","81.95","119.24","47.18","57.2","192.37","211.94","103.98","145.41","55.18","44.96","155.68","120.36","78.15","156.42","45.73","42.96","40.72","118.29","252.79","120.35","118.24","71.95","94.95","200.1","96.44","62.79","75.76","54.88","106.99","363.31"
"2025-12-31","681.92","191.56","246.16","66","603.28","614.31","106.7","81.31","118.33","46.68","56.81","190.99","210.34","103.36","143.97","54.77","44.71","154.8","119.41","77.68","155.12","45.35","42.69","40.35","117.72","250.31","119.32","116.97","71.42","94.16","198.62","96.03","62.47","75.44","54.71","105.69","360.13"
"2026-01-02","683.17","192.86","248.78","66.91","611.31","613.12","106.75","81.03","117.94","47.36","56.96","192.81","212.2","104.47","144.3","54.93","45.65","155.51","118.35","77.69","157.98","46.12","43.18","40.38","116.9","252.73","119.67","119.03","71.21","93.65","199.19","97.04","63.2","76.54","56.24","102.62","373.3"
"2026-01-05","687.72","194.65","252.73","67.78","619.36","617.99","107.16","81.41","118.39","47.76","57.53","194.65","214.62","105.78","144.62","56.13","46.89","155.04","120.3","77.35","159.85","46.58","42.7","40.43","117.75","255.12","120.42","120.99","71.33","94","201.18","98.15","63.95","77.35","56.86","103.63","377.59"
"2026-01-06","691.81","197","256.08","68.76","628.27","623.42","107.74","81.71","118.93","48.78","57.93","196.29","216.57","106.35","146.65","56.4","45.64","158.09","121.07","77.47","162.02","47.5","42.91","40.7","117.33","258.11","121.05","123.8","71.64","94.55","202.91","98.3","64.14","77.62","57.28","104.92","387.62"
"2026-01-07","689.58","194.79","255.48","68.26","623.73","624.02","108.01","81.92","119.24","48.41","57.36","194.02","214.35","104.83","146.53","55.61","45.13","159.66","120.9","76.62","158.97","46.68","41.87","40.14","117.09","256.47","120.19","121.84","70.95","94.18","201.93","97.93","63.88","77.23","56.85","106.24","385.02"
"2026-01-08","689.51","196.46","258.27","68.51","626.04","620.47","107.1","81.36","118.32","47.8","57.89","195.56","216.14","107.21","144.24","55.9","46.55","158.12","122.92","78.44","160.17","47.5","41.99","40.44","117.48","253.33","119.02","121.3","71.84","94.52","202.41","97.94","63.94","77.28","56.87","104.44","378.98"
"2026-01-09","694.07","197.6","260.23","69.11","631.38","626.65","107.92","81.84","119.05","48.42","58.22","196.82","217.59","107.42","146.15","55.73","46.67","157.31","124.41","79.25","161.93","48.26","42.51","40.5","117.91","256.99","120.03","123.01","71.84","94.64","204.07","98.81","64.53","77.83","57.14","105","389.22"
"2026-01-12","695.16","197.78","261.5","69.22","632.32","627.17","108.29","82.09","119.31","48.69","58.17","196.9","217.72","107","146.79","55.29","46.34","157.38","124.52","80.18","163.17","48.52","42.58","40.62","117.55","258.95","120.47","122.96","71.94","94.86","204.23","99.41","64.92","78.55","57.94","105.35","390.66"
"2026-01-13","693.77","197.78","261.35","69.36","633.68","626.24","108.1","81.87","118.95","48.94","58.04","196.59","217.51","106.9","146.48","54.23","47","156.74","124.21","81.11","164.01","48.73","42.85","40.93","116.89","258.9","120.13","123.09","72.12","94.28","203.53","98.84","64.56","78.13","57.51","103.35","391.53"
"2026-01-14","690.36","198.68","263.19","69.43","634.31","619.55","106.83","80.86","117.54","48.48","58.21","197.68","218.32","108","144.7","54.15","48.06","157.86","122.25","82.23","164.27","48.75","43.17","41.39","116.64","255.73","118.91","122.4","72.88","94.63","202.61","99.3","64.87","78.47","57.75","101.07","388.35"
"2026-01-15","692.24","199.56","265.51","70.24","641.78","621.78","107.19","80.93","117.67","48.96","58.32","198.41","219.2","108.58","145.46","54.37","47.61","156.96","122.7","82.37","165.78","48.96","43.61","41.7","116.21","257.21","119.72","123.36","73.05","94.58","203.49","99.26","64.96","78.6","58.09","99.78","396.41"
"2026-01-16","691.66","199.05","265.76","70.06","639.85","621.26","107.28","80.85","117.65","48.91","58.18","198.37","218.99","107.32","145.62","54.44","47.69","155.74","122.3","82.11","166.9","48.68","43.39","42.21","115.17","258.38","120","122.8","73.23","94.42","203.31","99.53","65.14","78.64","57.87","98.31","400.39"
"2026-01-20","677.58","196.08","262.58","69.09","631.17","608.06","104.68","78.76","114.67","48.37","57.24","195.73","215.94","106.08","141.84","53.2","47.6","155.4","119.12","82.36","163.53","48.19","42.96","41.4","113.47","252.84","116.98","119.87","72.6","93.61","199.53","98.02","64.27","77.73","57.31","95.93","390.39"
"2026-01-21","685.4","199.4","267.79","70.34","642.45","616.28","105.67","79.51","115.61","49.17","58.02","198.46","219.13","107.89","143.81","53.46","48.75","158.26","121.4","82.44","166.36","49.24","43.02","41.55","114.63","255.4","117.65","122.82","72.98","94.34","201.97","99.03","65.01","78.6","58.26","95.4","401.93"
"2026-01-22","688.98","199.66","269.79","70.35","642.61","620.76","106.51","80.17","116.5","49.2","58.18","198.78","219.71","108.18","144.88","53.81","48.91","158.29","122.62","82.27","165.5","49.52","42.71","41.14","116.25","256.07","117.94","123.22","72.8","94.74","202.63","99.42","65.36","79.08","58.7","96.94","402.82"
"2026-01-23","689.23","198.77","264.81","69.64","636.15","622.72","106.95","80.58","117.07","49.06","57.93","197.59","218.48","108.12","145.09","53.07","49.19","157.48","123.13","82.91","164.22","49.97","42.56","41.25","116.96","255.49","117.92","122.07","72.73","94.88","202.68","99.97","65.78","79.53","59.07","97.71","400.09"
"2026-01-26","692.73","199.24","263.98","69.61","635.83","625.46","107.64","81.13","117.8","49.23","58.16","198.26","219.11","108.31","146.08","53.41","49.22","158.1","122.32","82.78","164.38","50.03","42.87","41.22","117.77","256.95","118.83","122.03","73.06","95.52","203.73","100.47","66.08","79.86","59.17","98.81","398.82"
"2026-01-27","695.49","198.93","264.73","69.61","635.77","631.13","108.66","81.65","118.61","49.72","58.04","198.21","219.12","106.97","148.05","53","49.67","155.45","122.69","83.16","165.06","49.98","43.43","41.25","116.9","260.22","119.61","122.64","73.21","95.33","204.14","102.09","67.16","81.1","60.34","97.76","407.25"
"2026-01-28","695.42","198.26","263.3","69.45","634.32","633.22","108.79","81.61","118.32","49.78","57.93","198.29","219.31","106.36","149.23","52.99","50.05","154.31","121.77","82.32","164.14","49.95","43.33","40.85","116.75","260.09","119.18","123.53","72.8","95.16","204.27","101.01","66.72","80.74","60.75","97.06","416.63"
"2026-01-29","694.04","198.52","263.37","69.3","633.15","629.43","108.18","80.86","117.36","49.82","58.07","199.59","220.25","106.96","146.87","53.55","50.51","153.82","121.19","82.13","165.86","50","43.33","41.37","119.79","261.12","120.52","123.9","73.04","94.68","204.74","101.69","67.07","80.95","60.44","92.27","417.52"
"2026-01-30","691.97","198.08","259.65","68.67","627.57","621.87","107.25","80.26","116.49","48.81","58.17","199.75","219.86","107.33","143.88","53.44","51.05","154.74","121.17","83.51","165.44","49.27","43.25","41.43","120.08","255.89","119.87","121.15","73.65","94.99","202.42","100.74","66.2","79.66","59.1","90.31","403.46"
"2026-02-02","695.41","199.1","262.18","69.25","632.69","626.14","107.63","80.47","116.87","49.63","58.67","201.45","221.67","107.76","145.26","54.03","50.05","155.69","121.97","84.5","167.53","49.65","42.62","40.96","119.67","258.36","120.27","122.59","73.57","95.38","203.73","101.4","66.46","80.11","59.28","89.52","407.97"
"2026-02-03","689.53","198.57","262.78","69.38","633.88","616.52","105.86","78.91","114.8","49.24","58.66","202.47","221.91","108.92","142.08","53.53","51.67","154.1","120.99","85.87","168.94","50.7","43.24","40.81","117.74","256.45","119.52","121.48","74","94.88","201.37","101.45","66.72","80.31","59.6","85.39","397.68"
"2026-02-04","686.19","200.3","260.52","69.9","638.32","605.75","103.99","77.9","113.49","47.62","59.19","203.6","222.63","111.06","138.12","53.96","52.83","156.03","120.1","86.99","169.39","51.89","43.08","41.46","116.8","247.05","117.03","120.31","74.55","95.13","201.62","101.78","66.8","80.25","58.8","83.84","382.02"
"2026-02-05","677.62","198.56","255.83","69.53","634.94","597.03","102.38","76.48","111.53","47.08","58.64","202.45","220.83","110.21","135.63","53.29","52.21","154.84","117.51","86.92","168.37","50.5","43.1","41.23","116.21","244.13","116.02","117.87","74.68","94.93","199.24","100.33","65.9","79.29","58.53","79.67","381.07"
"2026-02-06","690.62","202.26","265.02","71.73","655.32","609.65","104.96","78.1","114.21","48.86","59.45","206.39","224.57","111.68","141.13","54.26","53.25","157.71","117.99","87.94","173.18","51.51","43.35","41.99","115.76","253.49","119.84","123","74.86","96.03","203.64","102.61","67.37","81.05","60.07","82.46","401.65"
"2026-02-09","693.95","202.38","266.88","71.79","655.67","614.32","106.09","78.9","115.25","49.39","59.34","206.02","224.62","111.52","143.35","53.94","53.64","156.32","117.55","87.43","173.7","52.18","43.48","42.25","116.88","257.43","121.49","124.24","74.5","95.9","204.03","103.99","68.37","82.15","60.51","85.06","406.65"
"2026-02-10","692.12","203.1","266.16","71.76","655.36","611.47","105.53","78.52","114.88","49.29","59.33","205.83","224.34","112.3","142.55","53.55","53.58","155.33","118.33","87.15","173.91","52.91","44.2","42.84","117.58","255.06","120.78","124.51","75.13","95.93","203.62","104.24","68.54","82.35","60.6","85.41","404.76"
"2026-02-11","691.96","203.46","264.95","71.59","653.71","613.11","105.3","78.17","114.48","49.77","59.45","206.83","224.83","113.23","142.97","52.74","54.98","156.25","117.76","88.4","174.84","53.62","44.59","42.8","116.74","255.15","120.59","124.83","75.39","96.03","203.79","104.94","69.05","82.99","61.56","83.23","414.78"
"2026-02-12","681.27","200.79","259.54","70.54","644.5","600.64","103.45","76.69","112.24","48.82","58.66","204.61","222.21","111.48","139.21","51.69","53.98","156","116.13","89.21","172.75","52.83","45.25","42.87","114.64","250.2","118.27","121.39","75.19","95.19","200.74","104.15","68.5","82.13","60.86","80.96","406.11"
"2026-02-13","681.75","202.87","262.96","71.24","650.66","601.92","103.01","76.33","111.79","49.39","58.99","206.13","223.71","112.58","139.56","51.65","54.35","157.67","116.18","89.51","174.17","53.31","46.5","43.5","114.58","251.48","118.25","122.64","75.85","96.19","201.75","104.24","68.76","82.4","61.12","82.77","407.72"
"2026-02-17","682.85","202.52","263.04","71.37","651.76","601.3","103.35","76.59","112.34","49.33","58.98","205.85","223.2","112.43","139.48","52.2","53.75","157.37","116.04","88.2","175.08","52.7","46.38","43.94","114.4","251.65","118.86","122.94","75.75","95.84","202.24","104.22","68.58","82.23","60.87","80.96","407.51"
"2026-02-18","686.29","203.57","263.99","71.67","654.63","605.79","104.02","77.08","113.04","49.69","59.2","206.54","224.31","113.31","140.91","52.59","54.78","157.67","117.02","88.04","175.04","53.02","45.61","43.35","114.59","253.49","119.33","124.29","75.58","96.03","203.49","104.34","68.81","82.51","61.19","82","412.55"
"2026-02-19","684.48","203.14","264.6","71.66","654.5","603.47","103.87","76.87","112.69","49.74","58.98","206.12","223.97","112.67","140.21","52.15","55.18","157.26","116.24","87.67","176.34","52.83","46.11","43.2","115.14","253.3","119.39","123.3","75.7","96.05","203.03","104.05","68.79","82.38","61.04","81.78","410.2"
"2026-02-20","689.43","204.09","264.61","72.11","658.61","608.81","104.89","77.51","113.47","50.23","59.26","206.88","225.27","112.93","140.88","52.49","54.88","156.82","117.45","87.89","177.23","52.96","46.33","43.56","116.8","254.78","119.96","124.38","75.94","96.19","204.39","104.9","69.52","83.37","62.34","80.78","415.03"
"2026-02-23","682.39","201.85","260.49","70.87","647.12","601.41","103.61","76.55","112","49.33","58.76","205.24","223.06","111.51","138.52","50.73","55.15","158.54","114.99","88.97","174.83","52.96","46.68","43.61","115.36","249.75","117.94","120.76","76.07","95.8","202.26","104.47","69.18","82.93","61.65","76.94","412.88"
"2026-02-24","687.35","203.46","263.33","71.51","653.22","607.87","104.35","77.32","113.17","49.82","59.21","206.16","224.39","111.87","140.32","50.98","55.1","157.87","116.74","89.74","176.98","53.36","47.2","43.73","116.16","252.14","118.75","123.02","76.32","96.39","203.97","104.66","69.46","83.42","62.62","78.41","419.16"
"2026-02-25","693.15","203.58","264.58","71.78","655.64","616.68","105.82","78.39","114.63","50.16","59.34","206.65","225.04","111.22","143.01","51.87","54.87","157.83","117.09","89.01","175.6","53.06","47.36","43.44","116.5","256.38","120.49","124.96","76.19","96.41","205.45","105.66","70.26","84.2","63.31","80.85","426.16"
"2026-02-26","689.3","204.73","265.99","72.07","658.14","609.24","104.51","77.58","113.54","50.23","59.45","206.93","225.38","111.84","141.01","52.5","55.05","157.42","117.05","88.86","176.7","53","47.18","43.63","116.72","254.89","119.96","124.92","76.78","96.8","204.8","105.57","70.31","83.96","62.71","82.6","412.01"
"2026-02-27","685.99","204.97","261.41","71.49","652.82","607.29","103.57","76.81","112.55","49.83","59.5","207.26","225.52","112.39","138.76","51.43","55.92","160.2","116.86","90.01","177.14","53.41","47.73","43.84","118.05","252.96","119.47","123.1","77.4","97.81","204.86","105.38","70.24","83.81","62.58","81.57","406.37"
"2026-03-02","686.38","204.59","263.81","72.1","658.36","608.09","103.73","77.04","112.87","49.5","59.43","206.81","225.15","112.17","139.54","51.3","57.04","158.53","115.42","88.71","178.9","53.25","47.37","43.92","117.87","253.7","120.11","122.73","77.45","97.68","204.47","103.3","69.01","82.4","61.5","82.77","406.39"
"2026-03-03","680.33","202.08","259.24","70.86","647.01","601.58","102.72","76.56","112.17","48.47","58.93","204.27","222.27","110.84","137.5","51.21","56.52","156.74","114.36","87.74","175.44","51.94","47.07","43.7","117.96","247.01","119.22","120.08","76.99","97.21","202.29","100.09","66.61","79.56","58.42","84.12","391.06"
"2026-03-04","685.13","202.89","261.76","70.86","646.94","610.75","103.87","77.33","113.27","49.2","59.12","204.99","223.25","110.98","139.84","51.5","56.19","157.05","116.39","87.16","175.97","51.92","47.27","43.76","118.79","250.71","120.26","122.29","77.06","97.36","203.44","101.38","67.38","80.34","59.05","85.65","399.1"
"2026-03-05","681.31","200.54","256.76","69.86","637.98","608.91","103.77","77.39","113.26","48.64","58.53","202.33","220.59","109.92","140.18","51.23","56.48","153.91","116.55","85.41","172.06","50.83","46.9","43.34","118.44","247.03","119.65","121.87","76.19","96.81","201.68","99.16","65.79","78.72","57.63","87.62","395.35"
"2026-03-06","672.38","198.15","250.89","68.22","623.08","599.75","102.12","76.35","111.77","47.53","57.91","200.03","217.72","109.17","137.29","50.57","56.57","152.7","114.44","85.78","169.94","49.86","46.74","42.89","117.46","241.48","118.24","118.28","76.07","96.65","198.66","98.28","65.28","77.98","57.32","87.97","380.56"
"2026-03-09","678.27","198.71","253.62","68.89","629.24","607.76","103.75","77.35","113.11","48.62","57.98","200.47","218.72","108.78","139.76","50.33","56.32","154.26","114.59","85.97","170.94","49.99","46.85","42.98","117.56","247.24","119.3","120.38","75.86","96.64","200.71","98.99","65.91","78.95","58.45","87.71","394.37"
"2026-03-10","677.18","197.22","253.36","68.57","626.44","607.77","103.8","77.21","112.84","48.72","57.69","199.92","218.07","107.53","139.76","50.06","55.6","153.15","114.44","85.72","170.02","49.88","46.56","42.92","117.38","248.28","119.08","119.5","75.21","95.92","200.28","99.22","65.97","79.12","58.68","85.65","397.33"
"2026-03-11","676.33","196.57","252.85","68.37","624.53","607.69","103.87","77.25","112.83","48.8","57.54","199.39","217.58","107.73","140.43","49.64","56.98","152.85","114.14","84.59","169.49","49.84","46.17","42.41","117","248.79","118.7","119.5","74.66","95.42","199.52","99.01","65.86","79.04","58.83","85.74","401.03"
"2026-03-12","666.06","193.53","247.41","67","611.77","597.26","102.09","75.88","110.83","47.73","56.77","197","214.67","107.28","137.84","48.83","57.51","150.16","111.52","84.25","165.24","49.68","46.5","42.14","115.27","243.9","117.17","116.34","74.56","94.99","196.22","97.46","64.57","77.47","56.95","84.99","388.13"
"2026-03-13","662.29","193.52","246.59","66.9","611.01","593.72","101.09","75.04","109.57","47.55","56.71","197.27","214.74","106.83","136.8","48.89","57.7","149.79","110.86","84.74","164.65","49.19","46.96","42.25","114.45","243.44","116.18","116.39","74.8","95.07","195.15","96.3","63.82","76.74","56.8","84.19","387.33"
"2026-03-16","669.03","194.96","248.92","67.37","615.4","600.38","102.37","75.93","110.89","48.4","57.14","198.77","216.61","106.96","138.78","49.3","57.9","151.01","112.2","84.98","166.06","49.4","47.26","42.58","115.33","246.78","117.35","118.03","75.19","95.64","196.98","98.1","65.19","78.27","58.38","84.95","393.92"
"2026-03-17","670.79","196.05","250.05","67.82","621","603.31","102.57","76.1","110.93","48.79","57.33","199.33","216.84","107.8","139.54","49.56","58.51","149.64","113.18","84.7","166.5","49.52","47.13","42.72","115.37","248.23","117.35","119.59","75.07","95.09","196.88","98.37","65.41","78.61","58.75","85.53","396.88"
"2026-03-18","661.43","193.47","246.02","67.19","615.23","594.9","101.28","75","109.26","48.48","56.46","196.75","214.22","106.47","137.96","48.97","58.43","147.14","110.57","82.64","165.18","48.48","46.73","42.02","113.66","246.24","116.06","118.31","73.76","93.49","194.08","96.69","64.28","77.25","57.56","84.34","393.67"
"2026-03-19","659.8","193.32","247.63","67.35","616.76","593.02","100.86","74.76","108.86","48.6","56.39","196.47","213.95","105.91","138.43","48.99","59.36","146.61","109.7","81.97","164.06","47.74","46.54","41.92","113.14","246.86","115.88","118.86","73.37","93.28","194.21","96.52","64.16","77.15","57.62","84.46","394.92"
"2026-03-20","648.57","190.48","242.22","65.87","601.47","582.06","98.91","73.38","106.86","47.23","55.84","194.52","211.31","104.54","135.29","49.08","59.31","145.33","107.74","81.29","161.67","46.98","44.65","40.59","112.23","241.52","113.78","115.62","72.34","92.35","191.89","93.59","62.04","74.71","55.64","82.99","384.74"
"2026-03-23","655.38","191.69","247.45","67.08","612.67","588","100.02","74.38","108.51","47.95","56.17","195.89","213.13","105.05","136.95","49.27","59.63","144.77","110.12","81.18","163.05","47.55","44.78","40.62","112.71","244.52","114.53","117.74","72.47","92.76","193.95","95.84","63.66","76.58","57.31","84.44","391.36"
"2026-03-24","653.18","191.92","248.78","67.63","617.79","583.98","99.11","73.52","107.36","48.08","56.31","196.96","213.82","106.43","136.15","49.28","60.84","144.79","109.68","81.11","164","48.45","45.09","40.29","111.13","245.54","114.84","118.23","72.45","92.31","193.3","95.27","63.15","75.95","56.52","80.82","394.59"
"2026-03-25","656.82","192.85","251.82","68.22","623","587.82","99.71","74.04","108.05","48.29","56.59","197.63","214.87","107.03","136.76","49.34","60.57","146.24","110.73","81.51","165.1","49.41","45.25","40.27","111.44","247.18","115.32","119.18","72.54","92.63","194.12","96.66","63.97","77.08","57.42","80.4","399.02"
"2026-03-26","645.09","191.08","247.44","67.21","613.77","573.79","96.85","72.12","105.59","46.26","56.29","196.27","212.51","107","132.5","49.05","61.52","145.74","108.83","81.14","161.27","49.09","45.33","40.29","108.81","238.21","111.34","115.94","72.63","92.21","190.15","94.66","62.48","75.2","55.47","79.75","380.84"
"2026-03-27","634.09","188.46","243.1","66.11","603.8","562.58","94.81","70.4","103.2","45.71","55.59","193.35","210.05","106.18","129.92","47.81","62.56","143.26","105.68","81.78","159.2","48.91","45.59","40.01","107.04","235.76","110.31","113.49","72.17","91.12","187.3","93.8","62.05","74.69","55.2","76.89","374.25"
"2026-03-30","631.97","188.07","239.61","65.59","599.03","558.28","94.07","70","102.73","44.65","55.64","193.03","209.42","105.86","127.5","48.36","61.96","143.82","105.66","81.88","156.61","49.09","45.92","40.21","107.96","230.77","107.84","111.36","72.78","91.69","186.49","94.07","62.03","74.63","54.75","77.62","362.53"
"2026-03-31","650.34","191.92","248","67.53","616.76","577.18","97.91","72.8","106.6","46.74","56.58","196.2","213.67","107.39","132.9","49.37","61.26","146.61","108.98","81.98","161.73","49.97","45.89","40.83","110.86","239.99","112.11","115.95","73.14","92.74","191.81","97.13","64.08","77.11","56.79","80.05","383.4"
"2026-04-01","655.24","192.54","249.56","68.1","621.79","584.31","99.2","73.59","107.53","47.84","56.65","196.67","214.94","107.1","134.91","49.44","58.97","147.73","109.8","81.46","164.43","50.46","46.11","40.95","111.24","245.24","114.5","117.18","73.33","92.67","192.77","98.61","65.14","78.01","57.23","79.77","391.97"
"2026-04-02","655.83","193.09","251.29","68.18","622.4","584.98","99.26","73.67","107.51","48.04","56.72","196.99","215.52","107.58","135.99","49.53","59.25","146.81","108.15","81.89","163.77","50.41","46.34","41.61","111.7","245.85","114.74","116.89","73.91","93.36","193.16","98","64.64","77.48","56.59","80.34","392.32"
"2026-04-06","658.93","193.92","252.36","68.46","625.2","588.5","99.69","74.01","107.94","48.31","56.98","197.84","216.61","107.91","136.78","49.88","59.68","146.28","109.04","82.66","164.61","50.22","46.17","41.76","111.76","247.69","115.67","117.6","73.94","93.42","194.03","98.49","65.12","77.97","57.11","80.46","395.98"
"2026-04-07","659.22","193.49","252.91","68.55","625.89","588.59","100.16","74.16","107.99","48.37","56.78","197.58","216.68","108.03","137.43","49.88","60.16","146.57","107.77","81.26","164.28","50.08","46.27","41.72","111.82","249.28","116.65","117.81","73.76","93.21","193.39","98.35","65.09","78.02","57.31","80.5","399.9"
"2026-04-08","676.01","197.96","260.47","70.53","643.68","606.09","103.19","76.15","110.79","50.63","57.93","201.98","221.95","109.16","141.69","51.2","58.05","149.67","110.82","82.78","170.44","51.75","46.78","42.44","113.81","259.64","121.36","122.28","74.61","94.12","199.01","102.19","67.82","81.23","60.44","79.75","422.92"
"2026-04-09","679.91","198.08","261.96","70.67","645.16","610.19","104","76.59","111.3","51","58.16","202.95","223.17","108.8","142.07","51.33","57.33","149.33","112.74","83.45","172.19","51.67","47.15","42.73","114.27","262.41","122.76","122.12","74.84","93.86","200.25","101.95","67.55","81.07","60.28","76.64","430.31"
"2026-04-10","679.46","196.65","261.3","70.45","643.1","611.07","104.47","76.86","111.57","51.19","57.71","201.31","221.85","107.91","142.62","50.77","56.94","147.31","112.89","82.37","171.52","51.96","46.96","42.82","113.95","263.44","123.34","122.25","74.19","92.75","199.47","102.18","67.74","81.27","60.56","74.67","436.88"
"2026-04-13","686.1","198.83","265.07","71.21","650.09","617.39","105.75","77.89","113.11","51.97","58.16","202.61","223.71","108.44","145.61","51.66","57.11","147.97","113.92","81.55","172.73","52.19","46.39","43.02","114.82","266.05","124.59","125.11","74.16","93.51","201.25","102.81","68.21","81.89","61.07","78.7","443.34"
"2026-04-14","694.46","199.66","268.72","71.57","653.39","628.6","107.95","79.45","115.14","52.66","58.28","202.96","224.75","108.21","147.94","51.78","55.95","148.83","116.44","81.47","173.35","52.01","46.47","43.43","116.56","270.33","126.65","127.07","74.26","93.67","203.27","103.64","68.89","82.81","62.24","79.48","452"
"2026-04-15","699.94","199.73","269.39","71.36","651.4","637.4","109.37","80.94","117.23","52.66","58.41","202.04","224.02","108.03","150.3","52.17","55.76","147.77","118.18","81.06","171.18","51.38","46.02","43.41","117.36","269.99","126.58","128.3","73.96","93.94","204.37","103.31","68.7","82.65","62.2","82.98","453"
"2026-04-16","701.66","200.64","269.95","71.49","652.71","640.47","109.59","81.08","117.31","52.73","58.56","202.58","224.94","109.25","152.02","52.03","56.58","146.61","117.63","81.43","170.33","51.75","46.35","43.81","118.83","270.82","126.74","129.55","74.26","94.39","204.32","103.01","68.63","82.63","62.45","84.36","454.8"
"2026-04-17","710.14","203.16","275.78","72.9","665.43","648.85","111.11","82.32","119.1","53.83","59.17","204.24","227.15","109.42","154.35","52.43","55.02","148.8","120.41","82.46","173.51","51.88","46.16","44.48","119.1","274.46","128.3","131.91","74.68","94.86","206.92","104.32","69.63","83.75","63.64","85.08","464.16"
"2026-04-20","708.72","203.8","277.35","73.36","669.58","646.79","110.56","82.1","118.68","53.88","59.23","204.25","227.29","110.01","154.56","52.63","55.07","147.42","119.87","82.39","173.9","52.23","45.75","44.64","118.75","273.56","127.64","132.77","74.31","94.74","206.59","103.91","69.33","83.48","63.18","86.3","463.96"
"2026-04-21","704.08","202.55","274.51","72.92","665.62","644.33","109.81","81.5","117.82","53.24","58.88","202.97","225.87","110.29","154.69","52.3","55.87","145.92","118.97","81.84","171.44","51.77","44.95","43.78","117.16","271.59","126.65","132.33","73.49","94.09","205.46","101.63","67.82","81.88","62.25","86.68","464.66"
"2026-04-22","711.21","202.46","276.48","72.64","663.09","655.11","111.77","83.02","119.72","53.87","58.97","202.87","226.55","109.75","158.09","52.21","56.54","146.38","118.93","82.11","171.04","51.83","44.87","43.46","117.88","275.99","129.11","133.87","73.15","94.09","207.17","101.97","68.35","82.59","63.38","88.74","476.83"
"2026-04-23","708.45","202.45","275.52","72.64","663.01","651.42","110.59","82.04","118.26","53.54","59.16","204.1","227.49","110.19","155.84","51.8","56.98","146.24","117.74","83.48","174.07","51.81","46.09","43.96","117.39","275.88","129.23","132.57","74.25","94.31","205.89","101.24","67.69","81.72","62.35","83.57","481.85"
"2026-04-24","713.94","202.03","276.65","72.79","664.47","663.88","112.34","83.25","119.79","54.08","59.11","203.53","227.65","108.87","160.22","51.42","56.87","144.18","118.69","83.23","172.47","51.92","46.18","43.83","115.54","280.9","131.52","134.71","73.76","94.08","207.4","101.77","68.14","82.49","63.74","85.2","506.44"
"2026-04-27","715.17","201.79","277.14","72.84","664.8","664.23","112.94","83.49","119.99","54.23","58.94","203.46","227.67","109.21","160.57","51.81","56.77","143.46","117.84","82.34","172.51","51.78","46.19","43.49","115.81","280.75","132.11","134.25","73.6","93.57","207.19","101.38","68.07","82.34","63.64","85.43","506.26"
"2026-04-28","711.69","200.76","273.91","72.11","658.14","657.55","111.82","82.77","119.07","52.97","58.98","203.5","227.08","109.87","157.85","51.85","57.71","143.84","117.01","83.08","170.98","51.4","46.25","43.91","115.75","276.21","129.96","131.52","74.1","93.78","205.91","100.96","67.73","81.89","62.99","85","491.21"
"2026-04-29","711.58","200.41","272.08","71.57","653.32","661.57","111.52","82.68","118.8","52.85","59.15","203.59","227.07","110.27","159.11","51.92","59.03","142.84","116.84","82.92","169.93","50.96","45.68","43.64","115.29","277.71","130.77","131.6","73.87","93.88","205.76","99.93","67.08","81.23","62.69","84.5","499.58"
"2026-04-30","718.66","203.44","277.97","72.77","664.17","667.74","112.39","83.17","119.27","54.34","59.88","206.78","231.25","111.24","159.5","52.13","59.65","145.99","118.35","84.31","174.58","51.47","46.85","44.4","116.51","283.98","133.79","134.56","74.49","94.64","207.25","102.32","68.8","83.06","63.99","83.91","506.72"
"2026-05-01","720.65","202.82","279.28","72.81","664.35","674.15","113.02","83.86","120.05","54.89","59.88","205.95","230.86","110.79","161.87","51.92","58.85","145.16","118.63","84.17","172.96","51.35","46.55","44.32","116.72","285.09","134.42","135.31","74.16","94.58","207.16","102.1","68.72","82.97","64.13","86.63","509.82"
"2026-05-04","718.01","201.64","277.88","72.35","660.32","672.88","112.88","83.72","119.82","55.01","59.5","204.65","229.6","110.33","162.05","51.58","59.39","144.73","117.72","83.54","170.98","50.65","46.37","44.08","116.1","284.29","134.44","135.42","73.68","94.36","206.1","100.7","67.91","82.25","64.1","88.44","506.79"
"2026-05-05","723.77","203.24","282.56","73.27","668.83","681.61","113.75","84.31","120.41","56.12","59.97","206.52","232.03","111.06","165.63","51.59","59.45","145.3","118.07","84.06","172.41","51.53","46.37","44.17","115.63","291.1","137.88","137.71","73.69","94.46","207.5","102.04","68.98","83.41","65.4","88.27","522.69"
"2026-05-06","733.83","204.85","286.8","74.62","680.9","695.77","116.28","85.9","122.44","57.36","60.24","207.94","234.48","111.08","170.03","51.84","57","145.4","119.87","84.24","176.87","52.41","45.71","44.74","117.35","299.18","141.59","140.86","73.34","93.99","210.04","104.81","70.87","85.62","67.49","87.82","549.76"
"2026-05-07","731.58","203.54","282.26","73.66","672.37","694.94","116.12","86.05","122.74","56.3","59.9","205.91","232.02","110.2","169.69","51.55","55.95","144.72","119.88","83.98","174","51.4","45.12","44.4","117.38","293.91","139.3","138.79","73.12","94.28","209.46","102.89","69.67","84.25","66.59","90.85","540.1"
"2026-05-08","737.62","204.1","284.17","73.99","675.24","711.23","117.56","86.84","123.54","57.55","60.1","207.04","233.9","110.72","175.52","51.24","55.7","143.49","120.2","84.18","173.2","51.59","44.72","44.41","116.94","301.8","143.81","141.67","72.63","94.03","210.43","103.96","70.83","85.43","67.94","91.15","566.54"
"2026-05-11","739.3","203.99","285.33","73.79","673.63","713.29","117.91","86.81","123.52","58.24","60.16","208.25","234.63","110.36","177.88","51.18","57.17","143.04","119.37","83.37","175.04","52.26","45.14","44.57","115.58","306.66","146.07","142.31","72.66","94.1","210.57","103.74","70.82","85.39","67.89","90.69","576.31"
"2026-05-12","738.18","203.81","282.57","73.33","669.05","707.24","117.53","86.56","123.35","57.55","60.22","208.51","234.21","111.34","175.2","51.58","57.57","145.85","118.29","84.44","174.35","52.14","45.19","44.58","115.86","303.24","144.45","140.26","73.1","94.49","210.39","103.14","69.97","84.23","65.82","89.44","561.25"
"2026-05-13","742.31","202.92","282.67","73.13","667.42","714.71","118.83","87.51","124.31","57.84","60.18","208.37","234.69","111.29","176.85","50.99","57.63","146.71","118.72","84.72","173.62","52.06","44.67","44.21","116.76","305.4","146.29","140.15","72.72","94.31","210.97","103.83","70.63","85.08","67.21","88.6","572.46"
"2026-05-14","748.17","203.66","284.45","73.44","670.19","719.79","120.28","88.49","125.89","58.04","60.31","209.01","235.17","111.63","179.5","51.29","58.07","146.63","118.67","84.98","174.51","51.67","44.9","43.91","117.11","307.25","147.52","141.21","72.94","95.18","212.37","103.46","70.56","85.02","67.38","90.64","578.34"
"2026-05-15","739.17","201.56","277.6","72.22","659.29","708.93","118.37","87.43","124.37","57","59.88","206.67","232.18","110.49","176.26","51.1","59.44","145.1","116.53","84.64","171.4","50.3","43.87","43.23","116.08","298.27","143.48","138.16","72.34","94.7","210.45","101.72","69.08","83.11","65.07","91.78","556.34"
"2026-05-18","738.65","202.8","275.97","72.15","658.38","705.88","117.57","87.09","124.1","55.96","60.24","207.38","232.67","111.36","174.36","51.74","60.58","145.72","116.32","85.9","170.75","50.22","43.94","43.75","116.98","294.32","141.42","135.61","73.31","96","210.92","102.66","69.52","83.53","64.97","92.87","546.16"
"2026-05-19","733.73","201.62","273","71.45","652.12","701.53","116.39","86.29","123.07","55.58","60.11","207.08","231.72","110.99","173.24","51.1","61.29","147.32","115.03","86.09","168.74","49.04","44.34","43.94","115.85","292.59","140.63","133.75","73.43","95.79","209.56","101.92","68.99","82.8","64.26","91.95","543.96"
"2026-05-20","741.25","203.83","279.87","72.79","664.43","713.15","118.04","87.4","124.66","56.61","60.49","208.38","233.8","111.44","177.14","51.66","59.8","147.13","117.94","85.52","170.73","49.72","44.51","44.43","116.1","299.59","143.31","137.67","73.56","95.9","212.23","103.62","70.2","84.17","65.46","93.32","564.66"
"2026-05-21","742.72","204.71","282.49","72.9","665.25","714.51","118.28","87.48","124.68","57.64","60.59","209.02","234.7","111.56","178.6","51.73","59.13","148.15","118.7","84.66","170.53","50.02","45","44.5","116.1","302.16","144.69","140","73.69","96.04","212.74","104.19","70.69","84.58","66.03","92.48","567.88"
"2026-05-22","745.64","206.58","285.12","73.5","670.65","717.54","118.28","87.54","125","57.64","61.08","210.9","236.32","112.71","180.39","51.94","59.49","149.89","119.18","84.8","171.77","50.29","45.35","44.56","115.46","303.6","144.94","141.98","74.09","96.88","214.38","103.98","70.46","84.46","65.88","94.01","576.32"
"2026-05-26","750.59","207.64","290.51","74.65","681.07","730.28","119.76","88.2","125.66","59.21","61.06","212.13","238.3","112.37","185.14","51.85","57.85","148.51","119.45","83.63","174.3","50.99","45.33","44.71","115.55","314.05","149.8","145.94","73.88","96.49","215.79","105.13","71.78","86.11","68.4","94.05","602.14"
"2026-05-27","750.46","207.49","290.37","74.36","678.56","729.45","119.72","88.21","125.71","59","61.09","211.87","237.93","113.08","184.43","51.42","56.99","148.79","121.55","84.58","174.3","51.18","45.14","44.63","116.26","313.33","149.6","146.29","73.58","96.04","215.24","104.77","71.41","85.85","68.39","93.05","595.5"
"2026-05-28","754.6","208.25","292.03","74.45","679.25","735.6","120.81","89.22","127.12","59.73","61.17","211.64","238.03","113.42","186.85","51.27","56.95","150.88","122.06","84.43","173.8","51.36","44.63","44.41","116.67","314.65","150.13","147.91","72.92","96.33","215.88","104.69","71.66","85.99","68.61","95.68","599.83"
"2026-05-29","756.48","208.83","290.43","74.6","680.61","738.31","121.5","89.6","127.85","60.12","61.05","211.85","237.96","113.29","191.02","51.58","56.29","149.47","120.87","82.91","173.13","51.15","44.42","43.99","115.69","315.81","150.59","150.04","72.21","96.6","215.49","104.8","71.77","86.06","68.6","101.66","598.93"
"2026-06-01","758.54","209.21","288.98","74.54","680.02","742.74","122.6","90.29","128.77","60.67","60.75","211.42","237.46","113.82","195.76","51.43","57.3","147.84","118.19","82.03","172.4","50.92","43.1","43.27","115.61","316.93","152.32","150.5","71.31","96.95","215.97","104.44","71.87","86.31","70.08","107.7","607.81"
"2026-06-02","759.57","210.04","291.66","75.22","686.15","746.16","122.41","90.04","128.29","61.26","61.04","213.27","239.32","114.14","198.21","51.46","57.96","146.4","117.59","81.83","174.19","51.52","43.9","43.49","113.57","326.03","154.32","153.19","71.64","96.93","215.78","105.02","72.32","86.96","70.8","104.73","632.21"
"2026-06-03","754.24","209.25","287.67","75.13","685.5","744.21","121.21","88.93","126.63","61.36","60.82","213.3","239.3","113.46","196.23","50.87","58.71","147.55","116.73","82.16","174.05","51.63","43.71","43.51","112.08","329.5","155.09","152.17","71.7","96.26","215.63","104.12","71.67","86.1","69.92","100.2","637.9"
"2026-06-04","757.09","210.83","292.01","75.46","687.98","740.61","121.19","89.16","126.83","60.74","61.38","214.94","241.03","114.5","193.17","52.19","58.75","152.08","117.26","82.04","176.16","51.62","43.94","44.4","113.11","325.87","152.83","151.84","72.42","96.66","217.33","104.95","71.84","86.25","69.1","100.06","627.53"
"2026-06-05","737.55","207.83","281.65","73.95","674.59","705.06","116.55","85.93","122.69","57.77","60.69","212.02","236.42","113.97","180.3","52.3","57.67","153.01","114.86","83.44","174.18","50.63","44.35","44.7","111.67","306.47","144.28","143.23","73.47","95.64","213.14","102.26","69.17","83.03","64.59","95.85","569.69"
"2026-06-08","739.22","207.61","284.11","74.11","676.25","716.07","117.32","86.21","122.98","58.55","60.55","212.56","237.27","114.01","184.18","51.97","58.33","152.65","115.39","83.07","173.63","49.96","43.52","44.03","111.09","315.08","147.88","145.88","72.47","95.23","213.83","102.88","69.86","83.74","65.75","95.65","598.16"
"2026-06-09","737.05","209.19","285.02","74.73","681.68","707.83","116.56","85.37","122.02","58.38","60.68","213.69","238.17","114.77","180.77","52.46","57.39","154.57","115.87","84.1","175.6","50.77","43.98","44.97","111.48","311.63","147.51","144.92","73.64","95.58","214.12","102.9","69.84","83.82","65.82","92.95","591.01"
"2026-06-10","725.43","206.53","282.05","73.65","671.84","693.69","113.92","83.64","119.69","57.13","60.21","211.54","235.24","114.28","176.63","52.23","58.25","152.85","113.49","85.49","169.66","49.6","44","44.99","111.01","304.92","143.68","139.7","73.89","95.22","212.33","101.57","68.81","82.59","64.66","91.58","570.91"
"2026-06-11","737.76","209.75","290.41","75.5","688.85","717.12","116.42","85.12","121.57","60.1","60.85","215.08","239.78","115.58","183.21","52.62","57.12","154.09","116.3","85.27","175.15","51.22","44.05","44.92","112.12","319.01","150.58","146.54","73.84","95.64","215.9","104.73","71.31","85.34","67.5","90.92","609.45"
"2026-06-12","741.75","211.65","292.95","76.04","693.74","721.34","116.9","85.27","121.61","60.82","61.27","217.09","242.13","117.16","184.8","53.34","57.55","153.81","116.6","85.82","176.18","52.18","44.53","45.36","111.65","324.4","152.48","148.73","74.47","96.05","216.91","105.02","71.55","85.68","67.88","90.7","619.96"
"2026-06-15","754.83","212.88","294.64","76.16","696.41","744","120.25","87.67","124.36","62.87","61.52","218.24","243.78","116.15","191.79","53.56","55.55","152.89","118.57","85.48","178.68","52.5","44.74","44.99","112.19","333.63","157.84","154.24","74.2","96.34","219.2","104.08","72.39","86.98","69.75","92.68","647.1"
"2026-06-16","750.33","212.17","292.08","75.93","694.32","729.86","118.91","86.79","123.35","61.45","61.59","218.03","242.96","115.53","186.44","54.35","55.36","152.94","118.46","85.59","179.85","52.72","45.06","45.1","112.32","326.05","154.62","151.9","74.5","95.91","217.76","104.31","72.32","86.63","68.64","91.37","616"
"2026-06-17","740.96","208.99","289.88","74.98","685.87","722.51","117.59","85.61","121.6","61.13","60.74","216.09","240.38","113.36","185.8","54.05","54.67","150.71","115.49","83.68","179.6","52.02","44.46","43.97","109.2","328.27","155.49","150.88","73.31","94.64","214.45","103.78","72","86.15","68.56","89.16","623.97"
"2026-06-18","746.74","209.96","295.59","75.78","691","740.62","119.54","86.98","123.19","62.75","60.87","216.5","242.18","112.87","191.44","53.57","53.77","149.4","117.16","83.3","180.91","51.81","44.76","43.86","109.45","338.52","159.9","155.04","73.09","94.24","215.89","104.41","72.31","86.77","70.79","89.09","659.88"
"2026-06-22","744.39","209.61","298.18","76.07","693.83","737.95","118.54","85.9","121.76","63.71","60.73","218.65","243.53","112.66","192.15","53.7","54.06","150.06","114.94","82.18","181.8","51.62","44.72","44.02","106.86","345.22","161.66","156.76","73.24","94.28","215.83","104.58","72.39","87.06","71.21","87.31","668.91"
"2026-06-23","733.58","208.89","295.32","75.3","686.82","713.65","115.69","84.08","119.81","60.78","60.56","217.43","240.95","113.14","184.19","53.88","54.46","152.18","113.76","83.72","178.15","50.87","45.07","44.64","107.27","329.76","154.34","150.46","74.21","94.55","213.01","102.46","70.17","84.41","67.17","87.32","622.05"
"2026-06-24","733.24","210.38","296.69","75.76","691.05","710.62","115.46","83.83","119.67","60.89","60.6","217.59","241","113.57","183.05","53.72","53.57","153.35","115.07","84.44","180.21","51.16","45.54","44.51","106.54","328.41","153.79","151","74.69","94.86","213.19","102.26","70.28","84.34","67.25","86.17","618.92"
"2026-06-25","734.3","211.75","298.91","76.46","697.38","716.38","115.53","83.05","118.1","62.95","60.55","220.49","244.41","114.57","184.57","53.45","54.09","155.63","113.35","83.94","184.12","51.84","45.85","44.59","105.58","339.3","159.64","154.35","74.9","94.89","213.25","103.15","71.16","85.08","67.96","84.76","636.88"
"2026-06-26","728.99","210.31","299.83","76.22","695.29","706.52","114.71","82.76","119.04","61.39","60.61","218.39","242.76","115.3","181.11","53.57","53.84","160.34","114.37","84.71","181.2","51.6","46.2","45.24","106.18","325.74","154.2","150.49","75.76","95.99","213.66","102.54","70.56","84.48","67.19","88.2","611.61"
"2026-06-29","741","213.05","298.97","76.53","697.92","724.08","117.41","84.85","121.98","62.45","60.8","218.63","242.75","114.93","185.41","53.72","53.58","160.74","117.12","84.37","182.76","50.66","46.02","44.92","107.88","336","158.53","153.17","75.59","96.16","217.29","103.45","70.92","84.93","67.43","89.89","631.98"
"2026-06-30","746.77","212.77","300.45","77.11","703.34","736.4","118.99","86.14","124.17","63.85","60.79","217.93","242.43","113.82","190.52","53.61","53.11","158.66","117.28","83.07","185.23","50.83","45.34","44.03","107.13","342.83","161.54","155.59","74.9","96.46","219.43","103.88","71.25","85.49","68.41","90.6","655.89"
"2026-07-01","745.76","213.41","299.32","76.44","697.07","725.17","118.44","86.17","123.02","61.99","61","217.38","243.88","114.74","185.62","54.78","52.81","159.54","118.09","83.3","183.36","51.02","44.77","44.18","109.74","328.1","155.32","152.3","75.24","96.89","218.87","103.02","70.36","84.53","66.48","93.34","620.46"
"2026-07-02","744.78","214.91","297.58","76.09","693.7","712.6","117.2","85.5","121.16","59.79","61.64","219.17","246.81","115.76","180.59","55.62","53.22","163.74","117.12","84.99","183.91","52.01","45.76","44.68","109.6","316.53","150.83","147.85","76.73","97.89","218.43","104.37","70.81","84.84","65.7","93.57","592.29"
"2026-07-06","751.28","215","298.9","76.42","696.66","722.82","118.7","86.68","123","60.5","61.85","219.44","247.24","115.52","183.57","56.14","53.13","161.96","118.01","84.1","185.56","51.98","45.3","44.29","110.21","321.71","152.98","150.29","76.17","97.89","218.49","105.46","71.89","86.17","67.57","94.79","604.3"
"2026-07-07","747.71","214.73","296.19","75.47","688.12","709.43","117.8","85.88","121.35","58.99","61.8","219.57","247.74","116.15","179.18","56.05","54.64","164.44","117.39","84.86","182.38","51.51","45.7","44.89","111.02","312.44","149.42","145.83","76.92","98.35","217.74","104.16","70.78","84.65","65.72","94.13","581.45"
"2026-07-08","745.4","212.2","293.48","74.73","681.47","711.44","117.92","85.99","121.8","59.31","61.29","217.64","245.2","115.54","181.4","54.97","55.6","162.3","115.3","84.39","180.42","50.16","45.36","44.15","109.46","314.85","150.57","145.54","75.86","97.65","216.92","103.36","70.34","84.44","66.23","92.48","593"
"2026-07-09","751.71","213.5","297.24","75.7","690.22","723.28","119.28","86.98","123.3","60.77","61.6","218.56","246.38","115.88","185.35","55.54","54.82","162.17","116.85","83.2","181.11","50.26","45.13","44.23","110.51","321.2","153.08","149.63","75.5","97.6","218.5","103.92","70.73","84.9","66.78","93.88","607.73"
"2026-07-10","754.95","214.3","295.99","75.67","689.82","725.51","120","87.4","123.95","60.72","61.73","219.2","246.84","116.57","185.78","55.71","55.08","160.84","117.24","84.12","181.92","50.89","45.41","44.45","111.64","321.77","153.75","149.45","75.84","97.76","219.69","104.33","70.99","85.34","66.9","92.41","611.03"
"2026-07-13","749.17","214.23","293.48","75.24","685.98","711.74","118.1","86.15","121.59","58.79","61.84","219.36","247.62","117.72","181.28","56.07","56.74","161.41","116.04","84.59","180.37","50.58","45.72","44.7","111.59","314.63","149.73","145.69","76.41","97.82","218.65","103.24","69.76","83.78","64.5","92.7","585.62"
"2026-07-14","751.83","213.45","294.51","75.57","689.19","719.69","119.36","86.96","123.23","59.79","61.56","218.6","246.37","117.41","183.62","56.18","56.95","158.29","115.9","83.42","180.45","50.64","45.69","44.48","111.45","319.76","152.86","147.8","75.91","96.88","219.24","103.96","70.6","84.66","65.67","93.63","600.31"
"2026-07-15","754.81","212.97","295.77","75.63","689.49","717.74","119.97","87.76","123.58","58.89","61.69","217.49","247.28","117.15","181.58","56.56","56.5","158.29","117","83.47","180.06","50.5","45.22","44.56","113.38","312.67","150","146.69","75.47","96.09","219.8","104.65","70.82","84.99","65.57","93.94","590.77"
"2026-07-16","750.72","215.06","295.59","75.99","692.99","705.94","117.98","86.56","121.2","57.2","62.24","218.86","249.46","118.08","177.52","56.75","57.02","161.8","117.34","85.81","180.15","50.89","45.47","45.46","112.65","303.41","145.28","142.92","76.94","97.13","220.66","103.81","70.03","84.06","64.19","93.7","568.92"
"2026-07-17","743.29","213.37","294.04","75.54","688.75","695.33","116.25","85.27","119.38","56.45","61.92","217.92","248.03","118.24","175.59","56.26","57.68","161.09","115.44","85.19","179.41","50.53","45.17","45.42","110.65","302.09","143.89","140.94","76.57","96.6","217.87","103.33","69.7","83.37","63.29","92.8","556.53"
"2026-07-20","742.09","212.42","292.31","74.93","683.34","696.06","116.58","85.33","119.47","56.64","61.52","216.95","246.96","117.84","175.71","56.04","57.94","159.25","114.61","84.86","178.12","50.03","44.94","45.23","110.8","302.64","144.52","140.61","76.09","96.5","216.94","102.57","69.23","83.07","63.56","92.98","558.83"
"2026-07-21","748.28","212.76","296.54","75.72","690.43","708.97","118.05","86.13","121.33","58.48","61.74","218.63","247.44","118.52","180.78","56.11","58.5","160.25","114.87","84.06","178.66","50.1","44.92","45.2","110.03","314.48","149.7","145","75.73","96.55","218.13","104.06","70.47","84.45","65.34","91.82","584.08"
"2026-07-22","747.41","212.7","293.79","75.69","690.13","705.35","117.67","85.68","120.92","58.11","61.8","219.34","247.52","118.72","180.27","56.05","59.2","159.43","114.02","84.38","178.85","50.82","45.93","45.01","109.2","314.24","150.07","144.71","76.2","96.25","217.34","104.25","70.49","84.46","64.99","89.02","586.91"
"2026-07-23","738.18","211.92","292.09","75.45","687.93","691.96","115.65","83.78","118.59","58.08","61.39","219.86","246.18","117.55","178.45","55.83","59.38","161.44","108.76","83.21","181.94","50.29","46.19","44.95","105.38","313.98","149.83","143.39","76.36","96.11","216","102.9","69.78","83.62","64.6","87.1","580.17"
"2026-07-24","738.93","213.57","291.17","75.77","690.71","684.23","114.96","83.48","117.65","56.74","61.94","221.02","248.24","118.9","175.88","56.31","59.62","162.57","109.41","84.13","182.66","51.26","46.29","45.95","106.3","306.39","146.51","141.15","77.19","96.95","216.81","103.41","69.71","83.4","63.33","87.98","561.19"
"2026-07-27","739.09","215.18","292.91","76","692.85","682.12","114.55","83.38","117.13","56.25","62.24","221.72","249.74","119.44","174.3","56.88","58.36","163.4","110.84","85.36","183.2","51.39","45.68","45.76","107.66","302.33","144.75","141.25","77.22","97.55","217.26","103.91","70","83.79","63.62","90.91","548.55"
"2026-07-28","740.86","217.69","293.37","76.03","692.97","675.49","114.21","83.33","116.48","54.91","62.77","222.99","252.04","121.15","171.09","57.6","57.57","167.26","112.48","87.06","182.49","52.34","45.52","46.01","109.67","292.32","140.95","139.02","77.97","98.56","218.46","103.89","69.6","83.25","62.36","91.78","529.6"
"2026-07-29","729.46","215.73","288.57","74.73","681.16","661.73","111.91","82.07","114.05","53.1","62.18","219.8","249.52","119.98","166.57","56.68","58.65","166.24","111.61","87.36","176.66","51.74","44.91","45.96","109.51","283.11","136.37","134.64","77.54","98.35","215.98","103.37","68.95","82.39","61.07","92.37","504.22"
"2026-07-30","741.69","215.38","292.59","75.35","687.19","683.55","115.47","84.27","117.43","55.88","62.16","220.54","250.71","119.37","175.73","57","58.96","163.52","112.39","85.47","178.39","51.64","44.66","45.3","106.58","298.77","143.42","139.78","76.38","97.84","218.92","106.24","71.09","84.77","63.59","93.31","538.9"
"2026-07-31","747.03","215.01","291.2","75.27","686.32","687.99","117.14","85.2","118.32","55.95","62.06","219.95","251.82","118.94","175.35","56.94","59.55","162.55","116.09","85.05","179.84","50.43","44.35","45.07","108.24","299.59","143.83","139.85","76.23","97.93","219.32","105.58","70.62","84.59","64.09","94.58","540.53"
"2026-08-03","757.67","217.11","296.22","76.11","694.09","700.07","119.66","87.08","120.87","57.12","62.42","221","254.24","119.88","178.04","57.38","58.79","162.24","118.21","84.86","183.16","51.01","44.36","45.18","111.34","301.78","145.35","143.41","76.21","98.27","221.74","106.02","71.04","85.02","64.32","97.42","545.46"
"2026-08-04","771.33","220.23","301.71","77.48","706.48","723.85","122.51","89.09","124.3","59.07","63.11","223.87","256.63","120.56","186.9","57.88","58.52","162.1","118.29","85.37","186.4","52","44.11","45.17","112.04","313.35","151.17","148.99","76.39","99.7","224.83","107.32","72.22","86.45","66","102","575.71"
"2026-08-05","769.79","219.73","299.77","77","701.98","717.3","122.25","88.73","123.89","58.71","63","223.99","256.13","120.28","185.91","58","57.31","164.16","118.64","85.33","186.35","52.64","43.66","45.2","110.87","309.98","150.27","148.42","76.33","99.69","224.83","107.43","72.35","86.51","65.72","101.31","569.7"
"2026-08-06","768.56","218.58","298.25","76.75","699.57","714.65","122.17","88.68","123.5","57.93","62.84","223.37","256.12","119.74","185.33","57.81","58.16","164.45","118.1","85.11","184.76","52.17","43.38","44.81","111.18","308.17","149.1","145.59","76.26","100","224.97","107.36","72.12","86.32","65.02","99.42","571.48"
"2026-08-07","773.26","220.09","301.56","77.79","709.16","723.03","123.02","89.4","124.6","58.42","63.14","224.31","257.56","120.2","187.97","57.6","57.5","165.68","119.86","85.12","185.18","52.86","43.61","44.98","111.25","309.32","149.69","147.9","76.21","100.62","225.69","108.55","72.89","87.21","65.64","102.69","582.7"
"2026-08-10","773.03","220.22","299.98","77.54","706.98","720.87","122.73","89.18","124.17","58.26","63.29","225.02","258.31","120.97","186.32","57.81","60.18","168.44","119.67","84.95","184.6","53.18","43.13","44.4","111.83","307.32","148.7","146.76","75.7","100.83","225.74","108.01","72.5","86.83","65.17","105.01","569.41"
"2026-08-11","770.56","220.69","300.99","77.77","709.05","718.45","121.99","88.59","123.6","58.39","63.3","225.35","257.92","121.31","186.09","57.8","60.93","168.01","119.24","84.69","185.7","53.24","43.63","44.08","111.27","308.34","148.56","147.56","75.65","100.73","225.15","108.09","72.69","86.92","65.43","103.92","572.93"
"2026-08-12","772.49","221.08","302.71","78.06","711.72","723.7","122.47","88.87","124.42","59.32","63.35","226.29","257.77","121.33","188.86","57.92","61.03","168.44","117.89","85.08","185.88","52.58","43.84","44.49","110.27","314.73","151.21","150.01","75.82","100.77","225.45","108.5","73.3","87.54","66.46","103.08","584.83"
"2026-08-13","777.88","222.73","303.5","78.42","714.6","732.07","123.4","89.73","125.66","59.81","63.71","227.05","258.7","122.24","190.77","58.26","61.06","168.38","118.45","86","185.79","52.31","44.04","45.12","112.55","316.03","152.72","151.52","76.23","101.37","227.18","108.69","73.54","87.72","66.68","106.28","589.12"
"2026-08-14","776.34","222.77","305.09","78.67","716.91","731.07","122.92","89.34","125.29","60.19","63.78","227.51","258.57","122.89","190.01","58.16","61.91","167.37","118.2","86.09","186.51","52.54","44.31","45.27","112.95","317.21","153.31","151.59","76.36","101.13","225.84","108.64","73.58","87.7","66.61","104.08","587.82"
"2026-08-17","772.67","220.79","304.06","78.48","715.35","729.87","122.48","88.87","125.08","60.93","63.37","226.69","256.62","121.67","190.32","57.58","62.58","167.05","116.75","84.68","186.32","52.24","44.18","44.83","110.82","322.07","155.16","151.62","75.74","100.4","224.63","108.45","73.69","87.87","67.32","101.99","594.07"
"2026-08-18","767.45","219.79","300.23","77.24","704.18","717.51","120.9","87.86","123.07","58.99","63.38","226.32","256.73","121.85","185.62","57.84","63.68","169.73","116.36","85.58","183.57","51.78","44.02","44.63","110.48","311.81","150.9","146.49","76.03","100.52","224.1","107.27","72.39","86.44","65.34","101.96","569.77"
"2026-08-19","769.06","222.07","301.72","77.04","702.51","716.08","120.65","87.93","122.67","58.31","63.87","226.95","258.77","122.12","183.64","57.48","63.58","175.68","118.59","86.54","181.95","52.52","44.02","44.99","111.32","305.88","148.35","148.58","75.98","101.29","224.35","107.66","72.83","86.97","66.11","102.81","560.92"
"2026-08-20","762.6","220.28","297.67","76.37","696.27","710.93","119.81","87.17","121.82","57.92","63.22","225.19","256.17","121.76","183.1","56.95","63.75","172.39","116.68","85.32","179.77","52.42","43.77","45.08","110.68","305.11","148.31","146.42","75.66","100.67","222.3","107.35","72.84","87.03","66.62","101.91","562.65"
"2026-08-21","765.72","221.67","299.96","76.77","699.6","713.44","120.21","87.5","122.39","58.21","63.51","226.4","257.29","122.49","183.31","57.48","63.64","174.62","118.02","85.99","180.25","53.54","42.77","45.08","111.4","305.17","148.73","148.51","75.31","101.23","223.22","108.24","73.42","87.71","67.12","103.37","560.42"
"2026-08-24","763.47","221.93","297.97","76.2","694.45","706.32","119.34","86.93","121.04","57.29","63.68","226.7","258.32","122.65","180.05","58.22","63.11","174.7","118.3","87.45","179","53.58","43.22","45.33","112.32","300.59","146.14","145.63","76.01","101.57","223.8","108.03","73.06","87.2","66.11","102.45","546.8"
"2026-08-25","765.91","221.77","299.23","76.14","694","710.72","120.15","87.4","121.83","57.62","63.59","226.79","258.27","122.11","181.74","58.31","62.06","175.29","117.95","86.52","178.4","53.58","43.31","45.36","113.18","302.4","147.41","148","75.64","101.5","224.07","108.81","73.79","88.12","67.25","101.85","555.82"
"2026-08-26","766.08","222.11","298.93","76.62","698.4","711.37","120","87.41","121.75","57.9","63.7","226.83","258.46","122.76","182.84","58.26","62.43","173.54","117.16","86.27","180.34","53.67","43.51","45.09","112.61","304","147.52","148.79","75.88","101.55","223.82","108.27","73.45","87.82","67.17","102.39","555.77"
"2026-08-27","771.1","221.45","299.81","76.65","698.61","721.11","121.84","88.9","123.89","58.05","63.48","225.45","257.58","121.82","188.61","57.88","62.29","171.58","115.88","85.08","178.8","53.23","43.18","44.66","111.41","304.23","148.6","149.54","75.12","101.98","224.6","108.02","73.42","87.93","67.61","110.32","573"
"2026-08-28","769.35","220.69","295.75","75.76","690.55","716.43","121.25","88.54","122.75","57.11","63.55","225.29","258.33","121.74","185.69","58.1","62.68","171.16","117.21","85.45","177.14","53.18","42.73","44.48","112.99","299.71","146.78","146.22","75.08","101.74","223.62","107.72","73.06","87.52","67.14","109.5","553.11"
"2026-08-31","767.05","219.39","293.93","75.35","687.13","716.76","120.89","88.24","122.71","57.19","63.35","224.85","256.91","120.92","186.5","57.71","63.96","170.54","116.59","84.98","175.13","52.69","42.23","44.11","111.46","300.36","147.09","146.3","74.69","101.52","222.62","107.45","72.92","87.32","67.02","109.98","556.63"
"2026-09-01","761.78","217.59","290.57","74.6","679.95","707.64","119.68","87.37","121.21","56.24","63.13","223.96","255.95","121.36","183.64","57.2","64.77","171.67","114.59","85.25","172.73","52.07","42.56","44.04","110.88","296.52","145.54","143.2","74.54","101.12","220.99","106.49","72.11","86.71","66.77","106.18","545.22"
"2026-09-02","765.16","218.6","294.01","75.11","684.93","709.24","120.27","87.6","121.81","56.27","63.39","225.41","257.08","122.88","183.6","57.66","65.1","172.95","114.86","85.53","172.78","52.95","42.67","43.73","112.42","297.04","146.34","144.32","74.66","100.98","221.4","107.06","72.59","87.16","67.15","103.42","550.48"
"2026-09-03","773.17","220.05","295.19","75.75","690.64","717.67","121.86","88.88","123.43","56.87","63.86","227.02","259.38","123.33","185.97","58.56","64.62","173.26","116.46","85.26","174.56","52.62","43.03","44.25","113.38","299.42","147.41","146.25","75.24","101.81","223.46","108.21","73.44","87.97","67.47","106.95","552.6"
"2026-09-04","770.19","219","296.01","75.85","691.52","718.96","121.7","88.45","123.41","57.77","63.44","226.46","257.63","122.86","187.28","58.1","64.06","171.45","114.91","84.58","175.27","52.44","43.08","43.93","112.03","304.86","149.72","148.38","74.74","100.8","222.58","108.35","73.76","88.41","68.7","104.57","567.01"
"2026-09-08","765.96","216.73","294.67","75.36","686.96","718.36","121.11","88.12","123.02","57.75","63.06","224.64","255.53","121.9","187.87","57.3","64.77","167.13","113.99","84.02","174.42","51.94","43.45","43.9","111.52","308.69","150.47","149.49","74.55","99.92","220.79","107.76","73.45","88.08","68.83","102.66","573.73"
"2026-09-09","762.4","214.64","290.64","74.56","679.65","716.31","120.66","87.68","122.46","57.39","62.67","223.92","254.06","121.07","187.87","57.06","65.31","166.58","112.46","83.05","171.79","51.39","42.94","43.41","110.83","309.29","150.3","148.23","74.02","99.45","219.56","106.56","72.82","87.41","68.48","101.83","574.29"
"2026-09-10","757.83","213.17","287.7","73.86","673.25","708.69","119.64","87.21","121.32","56.46","62.49","222.36","253.33","121.08","185.22","56.87","64.93","165.66","111.96","83.09","170.55","50.76","42.52","43.05","111.5","303.15","147.53","145.13","73.67","99","218.42","105.66","71.92","86.28","67","101.2","560.28"
"2026-09-11","764.29","214.87","288.89","74.44","678.68","714.88","120.62","88.02","122.27","57.02","63.04","223.97","255.58","121.92","187.67","57.25","65.14","165.36","112.96","83.38","172.37","50.95","42.39","43.42","112.6","307.04","148.31","148.16","73.79","99.61","220.2","106.7","72.69","87.14","67.84","101.52","568.53"
